colour	order	level	x	y	piece	group
#132B43	2	2	-1.40816326530612	-0.0807823129251701	1	-1-001
#132B43	2	2	-1.41142290249433	-0.0612244897959187	1	-1-001
#132B43	2	2	-1.41142290249433	0.0612244897959182	1	-1-001
#132B43	2	2	-1.40816326530612	0.0807823129251698	1	-1-001
#132B43	2	2	-1.38945578231293	0.183673469387755	1	-1-001
#132B43	2	2	-1.34492888064317	0.306122448979592	1	-1-001
#132B43	2	2	-1.28571428571429	0.41468253968254	1	-1-001
#132B43	2	2	-1.27738095238095	0.428571428571428	1	-1-001
#132B43	2	2	-1.17942176870748	0.551020408163265	1	-1-001
#132B43	2	2	-1.16326530612245	0.567176870748299	1	-1-001
#132B43	2	2	-1.04516250944822	0.673469387755102	1	-1-001
#132B43	2	2	-1.04081632653061	0.676729024943311	1	-1-001
#132B43	2	2	-0.918367346938775	0.758361678004535	1	-1-001
#132B43	2	2	-0.853984450923227	0.795918367346939	1	-1-001
#132B43	2	2	-0.795918367346939	0.824951409135083	1	-1-001
#132B43	2	2	-0.673469387755102	0.87742954324587	1	-1-001
#132B43	2	2	-0.558843537414966	0.918367346938775	1	-1-001
#132B43	2	2	-0.551020408163265	0.920812074829932	1	-1-001
#132B43	2	2	-0.428571428571429	0.951424319727891	1	-1-001
#132B43	2	2	-0.306122448979592	0.974383503401361	1	-1-001
#132B43	2	2	-0.183673469387755	0.98968962585034	1	-1-001
#132B43	2	2	-0.0612244897959187	0.99734268707483	1	-1-001
#132B43	2	2	0.0612244897959182	0.99734268707483	1	-1-001
#132B43	2	2	0.183673469387755	0.98968962585034	1	-1-001
#132B43	2	2	0.306122448979592	0.974383503401361	1	-1-001
#132B43	2	2	0.428571428571428	0.951424319727891	1	-1-001
#132B43	2	2	0.551020408163265	0.920812074829932	1	-1-001
#132B43	2	2	0.558843537414966	0.918367346938775	1	-1-001
#132B43	2	2	0.673469387755102	0.87742954324587	1	-1-001
#132B43	2	2	0.795918367346939	0.824951409135083	1	-1-001
#132B43	2	2	0.853984450923227	0.795918367346939	1	-1-001
#132B43	2	2	0.918367346938775	0.758361678004535	1	-1-001
#132B43	2	2	1.04081632653061	0.676729024943311	1	-1-001
#132B43	2	2	1.04516250944822	0.673469387755102	1	-1-001
#132B43	2	2	1.16326530612245	0.567176870748299	1	-1-001
#132B43	2	2	1.17942176870748	0.551020408163265	1	-1-001
#132B43	2	2	1.27738095238095	0.428571428571428	1	-1-001
#132B43	2	2	1.28571428571429	0.41468253968254	1	-1-001
#132B43	2	2	1.34492888064317	0.306122448979592	1	-1-001
#132B43	2	2	1.38945578231293	0.183673469387755	1	-1-001
#132B43	2	2	1.40816326530612	0.0807823129251725	1	-1-001
#132B43	2	2	1.41142290249433	0.0612244897959182	1	-1-001
#132B43	2	2	1.41142290249433	-0.0612244897959187	1	-1-001
#132B43	2	2	1.40816326530612	-0.0807823129251729	1	-1-001
#132B43	2	2	1.38945578231293	-0.183673469387755	1	-1-001
#132B43	2	2	1.34492888064317	-0.306122448979592	1	-1-001
#132B43	2	2	1.28571428571429	-0.41468253968254	1	-1-001
#132B43	2	2	1.27738095238095	-0.428571428571429	1	-1-001
#132B43	2	2	1.17942176870748	-0.551020408163265	1	-1-001
#132B43	2	2	1.16326530612245	-0.567176870748299	1	-1-001
#132B43	2	2	1.04516250944822	-0.673469387755102	1	-1-001
#132B43	2	2	1.04081632653061	-0.676729024943311	1	-1-001
#132B43	2	2	0.918367346938775	-0.758361678004535	1	-1-001
#132B43	2	2	0.853984450923226	-0.795918367346939	1	-1-001
#132B43	2	2	0.795918367346939	-0.824951409135083	1	-1-001
#132B43	2	2	0.673469387755102	-0.87742954324587	1	-1-001
#132B43	2	2	0.558843537414966	-0.918367346938775	1	-1-001
#132B43	2	2	0.551020408163265	-0.920812074829932	1	-1-001
#132B43	2	2	0.428571428571428	-0.951424319727891	1	-1-001
#132B43	2	2	0.306122448979592	-0.974383503401361	1	-1-001
#132B43	2	2	0.183673469387755	-0.98968962585034	1	-1-001
#132B43	2	2	0.0612244897959182	-0.99734268707483	1	-1-001
#132B43	2	2	-0.0612244897959187	-0.99734268707483	1	-1-001
#132B43	2	2	-0.183673469387755	-0.98968962585034	1	-1-001
#132B43	2	2	-0.306122448979592	-0.974383503401361	1	-1-001
#132B43	2	2	-0.428571428571429	-0.951424319727891	1	-1-001
#132B43	2	2	-0.551020408163265	-0.920812074829932	1	-1-001
#132B43	2	2	-0.558843537414966	-0.918367346938775	1	-1-001
#132B43	2	2	-0.673469387755102	-0.87742954324587	1	-1-001
#132B43	2	2	-0.795918367346939	-0.824951409135083	1	-1-001
#132B43	2	2	-0.853984450923226	-0.795918367346939	1	-1-001
#132B43	2	2	-0.918367346938775	-0.758361678004535	1	-1-001
#132B43	2	2	-1.04081632653061	-0.676729024943311	1	-1-001
#132B43	2	2	-1.04516250944822	-0.673469387755102	1	-1-001
#132B43	2	2	-1.16326530612245	-0.567176870748299	1	-1-001
#132B43	2	2	-1.17942176870748	-0.551020408163265	1	-1-001
#132B43	2	2	-1.27738095238095	-0.428571428571429	1	-1-001
#132B43	2	2	-1.28571428571429	-0.414682539682539	1	-1-001
#132B43	2	2	-1.34492888064317	-0.306122448979592	1	-1-001
#132B43	2	2	-1.38945578231293	-0.183673469387755	1	-1-001
#132B43	2	2	-1.40816326530612	-0.0807823129251701	1	-1-001
#183550	4	4	-1.89795918367347	-0.444090136054422	2	-1-002
#183550	4	4	-1.90571853741497	-0.428571428571429	2	-1-002
#183550	4	4	-1.9516369047619	-0.306122448979592	2	-1-002
#183550	4	4	-1.98224914965986	-0.183673469387755	2	-1-002
#183550	4	4	-1.99755527210884	-0.0612244897959187	2	-1-002
#183550	4	4	-1.99755527210884	0.0612244897959182	2	-1-002
#183550	4	4	-1.98224914965986	0.183673469387755	2	-1-002
#183550	4	4	-1.9516369047619	0.306122448979592	2	-1-002
#183550	4	4	-1.90571853741497	0.428571428571428	2	-1-002
#183550	4	4	-1.89795918367347	0.444090136054422	2	-1-002
#183550	4	4	-1.84092970521542	0.551020408163265	2	-1-002
#183550	4	4	-1.77551020408163	0.649149659863946	2	-1-002
#183550	4	4	-1.75813896987366	0.673469387755102	2	-1-002
#183550	4	4	-1.65318270165209	0.795918367346939	2	-1-002
#183550	4	4	-1.6530612244898	0.796039844509232	2	-1-002
#183550	4	4	-1.53061224489796	0.909742468415938	2	-1-002
#183550	4	4	-1.52054988662132	0.918367346938775	2	-1-002
#183550	4	4	-1.40816326530612	1.00265731292517	2	-1-002
#183550	4	4	-1.35265924551639	1.04081632653061	2	-1-002
#183550	4	4	-1.28571428571429	1.08172713529856	2	-1-002
#183550	4	4	-1.16326530612245	1.14975434618292	2	-1-002
#183550	4	4	-1.13624338624339	1.16326530612245	2	-1-002
#183550	4	4	-1.04081632653061	1.2062074829932	2	-1-002
#183550	4	4	-0.918367346938775	1.25518707482993	2	-1-002
#183550	4	4	-0.831146744412051	1.28571428571429	2	-1-002
#183550	4	4	-0.795918367346939	1.29692331478046	2	-1-002
#183550	4	4	-0.673469387755102	1.33031849103278	2	-1-002
#183550	4	4	-0.551020408163265	1.35814780457638	2	-1-002
#183550	4	4	-0.428571428571429	1.38041125541126	2	-1-002
#183550	4	4	-0.306122448979592	1.39710884353742	2	-1-002
#183550	4	4	-0.184523809523815	1.40816326530612	2	-1-002
#183550	4	4	-0.183673469387755	1.40823412698413	2	-1-002
#183550	4	4	-0.0612244897959187	1.41333616780045	2	-1-002
#183550	4	4	0.0612244897959182	1.41333616780045	2	-1-002
#183550	4	4	0.183673469387755	1.40823412698413	2	-1-002
#183550	4	4	0.184523809523815	1.40816326530612	2	-1-002
#183550	4	4	0.306122448979592	1.39710884353742	2	-1-002
#183550	4	4	0.428571428571428	1.38041125541126	2	-1-002
#183550	4	4	0.551020408163265	1.35814780457638	2	-1-002
#183550	4	4	0.673469387755102	1.33031849103278	2	-1-002
#183550	4	4	0.795918367346939	1.29692331478046	2	-1-002
#183550	4	4	0.831146744412051	1.28571428571429	2	-1-002
#183550	4	4	0.918367346938775	1.25518707482993	2	-1-002
#183550	4	4	1.04081632653061	1.2062074829932	2	-1-002
#183550	4	4	1.13624338624339	1.16326530612245	2	-1-002
#183550	4	4	1.16326530612245	1.14975434618292	2	-1-002
#183550	4	4	1.28571428571429	1.08172713529856	2	-1-002
#183550	4	4	1.35265924551639	1.04081632653061	2	-1-002
#183550	4	4	1.40816326530612	1.00265731292517	2	-1-002
#183550	4	4	1.52054988662132	0.918367346938775	2	-1-002
#183550	4	4	1.53061224489796	0.909742468415938	2	-1-002
#183550	4	4	1.6530612244898	0.796039844509233	2	-1-002
#183550	4	4	1.65318270165209	0.795918367346939	2	-1-002
#183550	4	4	1.75813896987366	0.673469387755102	2	-1-002
#183550	4	4	1.77551020408163	0.649149659863946	2	-1-002
#183550	4	4	1.84092970521542	0.551020408163265	2	-1-002
#183550	4	4	1.89795918367347	0.444090136054422	2	-1-002
#183550	4	4	1.90571853741497	0.428571428571428	2	-1-002
#183550	4	4	1.9516369047619	0.306122448979592	2	-1-002
#183550	4	4	1.98224914965986	0.183673469387755	2	-1-002
#183550	4	4	1.99755527210884	0.0612244897959182	2	-1-002
#183550	4	4	1.99755527210884	-0.0612244897959187	2	-1-002
#183550	4	4	1.98224914965986	-0.183673469387755	2	-1-002
#183550	4	4	1.9516369047619	-0.306122448979592	2	-1-002
#183550	4	4	1.90571853741497	-0.428571428571429	2	-1-002
#183550	4	4	1.89795918367347	-0.444090136054422	2	-1-002
#183550	4	4	1.84092970521542	-0.551020408163265	2	-1-002
#183550	4	4	1.77551020408163	-0.649149659863946	2	-1-002
#183550	4	4	1.75813896987366	-0.673469387755102	2	-1-002
#183550	4	4	1.65318270165209	-0.795918367346939	2	-1-002
#183550	4	4	1.6530612244898	-0.796039844509233	2	-1-002
#183550	4	4	1.53061224489796	-0.909742468415938	2	-1-002
#183550	4	4	1.52054988662132	-0.918367346938775	2	-1-002
#183550	4	4	1.40816326530612	-1.00265731292517	2	-1-002
#183550	4	4	1.35265924551639	-1.04081632653061	2	-1-002
#183550	4	4	1.28571428571429	-1.08172713529856	2	-1-002
#183550	4	4	1.16326530612245	-1.14975434618292	2	-1-002
#183550	4	4	1.13624338624339	-1.16326530612245	2	-1-002
#183550	4	4	1.04081632653061	-1.2062074829932	2	-1-002
#183550	4	4	0.918367346938775	-1.25518707482993	2	-1-002
#183550	4	4	0.83114674441205	-1.28571428571429	2	-1-002
#183550	4	4	0.795918367346939	-1.29692331478046	2	-1-002
#183550	4	4	0.673469387755102	-1.33031849103278	2	-1-002
#183550	4	4	0.551020408163265	-1.35814780457638	2	-1-002
#183550	4	4	0.428571428571428	-1.38041125541126	2	-1-002
#183550	4	4	0.306122448979592	-1.39710884353741	2	-1-002
#183550	4	4	0.18452380952381	-1.40816326530612	2	-1-002
#183550	4	4	0.183673469387755	-1.40823412698413	2	-1-002
#183550	4	4	0.0612244897959182	-1.41333616780045	2	-1-002
#183550	4	4	-0.0612244897959187	-1.41333616780045	2	-1-002
#183550	4	4	-0.183673469387755	-1.40823412698413	2	-1-002
#183550	4	4	-0.18452380952381	-1.40816326530612	2	-1-002
#183550	4	4	-0.306122448979592	-1.39710884353741	2	-1-002
#183550	4	4	-0.428571428571429	-1.38041125541126	2	-1-002
#183550	4	4	-0.551020408163265	-1.35814780457638	2	-1-002
#183550	4	4	-0.673469387755102	-1.33031849103278	2	-1-002
#183550	4	4	-0.795918367346939	-1.29692331478046	2	-1-002
#183550	4	4	-0.83114674441205	-1.28571428571429	2	-1-002
#183550	4	4	-0.918367346938775	-1.25518707482993	2	-1-002
#183550	4	4	-1.04081632653061	-1.2062074829932	2	-1-002
#183550	4	4	-1.13624338624339	-1.16326530612245	2	-1-002
#183550	4	4	-1.16326530612245	-1.14975434618292	2	-1-002
#183550	4	4	-1.28571428571429	-1.08172713529856	2	-1-002
#183550	4	4	-1.35265924551639	-1.04081632653061	2	-1-002
#183550	4	4	-1.40816326530612	-1.00265731292517	2	-1-002
#183550	4	4	-1.52054988662132	-0.918367346938775	2	-1-002
#183550	4	4	-1.53061224489796	-0.909742468415938	2	-1-002
#183550	4	4	-1.6530612244898	-0.796039844509232	2	-1-002
#183550	4	4	-1.65318270165209	-0.795918367346939	2	-1-002
#183550	4	4	-1.75813896987366	-0.673469387755102	2	-1-002
#183550	4	4	-1.77551020408163	-0.649149659863946	2	-1-002
#183550	4	4	-1.84092970521542	-0.551020408163265	2	-1-002
#183550	4	4	-1.89795918367347	-0.444090136054422	2	-1-002
#1D3F5E	6	6	-2.38775510204082	-0.381802721088436	3	-1-003
#1D3F5E	6	6	-2.41045918367347	-0.306122448979592	3	-1-003
#1D3F5E	6	6	-2.43494897959184	-0.183673469387755	3	-1-003
#1D3F5E	6	6	-2.44719387755102	-0.0612244897959187	3	-1-003
#1D3F5E	6	6	-2.44719387755102	0.0612244897959182	3	-1-003
#1D3F5E	6	6	-2.43494897959184	0.183673469387755	3	-1-003
#1D3F5E	6	6	-2.41045918367347	0.306122448979592	3	-1-003
#1D3F5E	6	6	-2.38775510204082	0.381802721088436	3	-1-003
#1D3F5E	6	6	-2.37298603651987	0.428571428571428	3	-1-003
#1D3F5E	6	6	-2.32142857142857	0.551020408163265	3	-1-003
#1D3F5E	6	6	-2.26530612244898	0.65765306122449	3	-1-003
#1D3F5E	6	6	-2.25651927437642	0.673469387755102	3	-1-003
#1D3F5E	6	6	-2.17488662131519	0.795918367346939	3	-1-003
#1D3F5E	6	6	-2.14285714285714	0.837099125364432	3	-1-003
#1D3F5E	6	6	-2.07593037214886	0.918367346938775	3	-1-003
#1D3F5E	6	6	-2.02040816326531	0.977359693877551	3	-1-003
#1D3F5E	6	6	-1.95695153061225	1.04081632653061	3	-1-003
#1D3F5E	6	6	-1.89795918367347	1.09325396825397	3	-1-003
#1D3F5E	6	6	-1.81394557823129	1.16326530612245	3	-1-003
#1D3F5E	6	6	-1.77551020408163	1.19209183673469	3	-1-003
#1D3F5E	6	6	-1.6530612244898	1.27780612244898	3	-1-003
#1D3F5E	6	6	-1.64089481946625	1.28571428571429	3	-1-003
#1D3F5E	6	6	-1.53061224489796	1.35088126159555	3	-1-003
#1D3F5E	6	6	-1.42559523809524	1.40816326530612	3	-1-003
#1D3F5E	6	6	-1.40816326530612	1.41687925170068	3	-1-003
#1D3F5E	6	6	-1.28571428571429	1.47300170068027	3	-1-003
#1D3F5E	6	6	-1.16326530612245	1.52402210884354	3	-1-003
#1D3F5E	6	6	-1.14569160997732	1.53061224489796	3	-1-003
#1D3F5E	6	6	-1.04081632653061	1.56691522762951	3	-1-003
#1D3F5E	6	6	-0.918367346938775	1.60459183673469	3	-1-003
#1D3F5E	6	6	-0.795918367346939	1.63755886970173	3	-1-003
#1D3F5E	6	6	-0.72874149659864	1.6530612244898	3	-1-003
#1D3F5E	6	6	-0.673469387755102	1.66490524781341	3	-1-003
#1D3F5E	6	6	-0.551020408163265	1.68677113702624	3	-1-003
#1D3F5E	6	6	-0.428571428571429	1.7042638483965	3	-1-003
#1D3F5E	6	6	-0.306122448979592	1.7173833819242	3	-1-003
#1D3F5E	6	6	-0.183673469387755	1.72612973760933	3	-1-003
#1D3F5E	6	6	-0.0612244897959187	1.7305029154519	3	-1-003
#1D3F5E	6	6	0.0612244897959182	1.7305029154519	3	-1-003
#1D3F5E	6	6	0.183673469387755	1.72612973760933	3	-1-003
#1D3F5E	6	6	0.306122448979592	1.7173833819242	3	-1-003
#1D3F5E	6	6	0.428571428571428	1.7042638483965	3	-1-003
#1D3F5E	6	6	0.551020408163265	1.68677113702624	3	-1-003
#1D3F5E	6	6	0.673469387755102	1.66490524781341	3	-1-003
#1D3F5E	6	6	0.72874149659864	1.6530612244898	3	-1-003
#1D3F5E	6	6	0.795918367346939	1.63755886970173	3	-1-003
#1D3F5E	6	6	0.918367346938775	1.60459183673469	3	-1-003
#1D3F5E	6	6	1.04081632653061	1.56691522762951	3	-1-003
#1D3F5E	6	6	1.14569160997732	1.53061224489796	3	-1-003
#1D3F5E	6	6	1.16326530612245	1.52402210884354	3	-1-003
#1D3F5E	6	6	1.28571428571429	1.47300170068027	3	-1-003
#1D3F5E	6	6	1.40816326530612	1.41687925170068	3	-1-003
#1D3F5E	6	6	1.42559523809524	1.40816326530612	3	-1-003
#1D3F5E	6	6	1.53061224489796	1.35088126159555	3	-1-003
#1D3F5E	6	6	1.64089481946625	1.28571428571429	3	-1-003
#1D3F5E	6	6	1.6530612244898	1.27780612244898	3	-1-003
#1D3F5E	6	6	1.77551020408163	1.19209183673469	3	-1-003
#1D3F5E	6	6	1.81394557823129	1.16326530612245	3	-1-003
#1D3F5E	6	6	1.89795918367347	1.09325396825397	3	-1-003
#1D3F5E	6	6	1.95695153061225	1.04081632653061	3	-1-003
#1D3F5E	6	6	2.02040816326531	0.977359693877551	3	-1-003
#1D3F5E	6	6	2.07593037214886	0.918367346938775	3	-1-003
#1D3F5E	6	6	2.14285714285714	0.837099125364432	3	-1-003
#1D3F5E	6	6	2.17488662131519	0.795918367346939	3	-1-003
#1D3F5E	6	6	2.25651927437642	0.673469387755102	3	-1-003
#1D3F5E	6	6	2.26530612244898	0.65765306122449	3	-1-003
#1D3F5E	6	6	2.32142857142857	0.551020408163265	3	-1-003
#1D3F5E	6	6	2.37298603651987	0.428571428571428	3	-1-003
#1D3F5E	6	6	2.38775510204082	0.381802721088436	3	-1-003
#1D3F5E	6	6	2.41045918367347	0.306122448979592	3	-1-003
#1D3F5E	6	6	2.43494897959184	0.183673469387755	3	-1-003
#1D3F5E	6	6	2.44719387755102	0.0612244897959182	3	-1-003
#1D3F5E	6	6	2.44719387755102	-0.0612244897959187	3	-1-003
#1D3F5E	6	6	2.43494897959184	-0.183673469387755	3	-1-003
#1D3F5E	6	6	2.41045918367347	-0.306122448979592	3	-1-003
#1D3F5E	6	6	2.38775510204082	-0.381802721088436	3	-1-003
#1D3F5E	6	6	2.37298603651987	-0.428571428571429	3	-1-003
#1D3F5E	6	6	2.32142857142857	-0.551020408163265	3	-1-003
#1D3F5E	6	6	2.26530612244898	-0.65765306122449	3	-1-003
#1D3F5E	6	6	2.25651927437642	-0.673469387755102	3	-1-003
#1D3F5E	6	6	2.17488662131519	-0.795918367346939	3	-1-003
#1D3F5E	6	6	2.14285714285714	-0.837099125364432	3	-1-003
#1D3F5E	6	6	2.07593037214886	-0.918367346938775	3	-1-003
#1D3F5E	6	6	2.02040816326531	-0.977359693877551	3	-1-003
#1D3F5E	6	6	1.95695153061224	-1.04081632653061	3	-1-003
#1D3F5E	6	6	1.89795918367347	-1.09325396825397	3	-1-003
#1D3F5E	6	6	1.81394557823129	-1.16326530612245	3	-1-003
#1D3F5E	6	6	1.77551020408163	-1.19209183673469	3	-1-003
#1D3F5E	6	6	1.6530612244898	-1.27780612244898	3	-1-003
#1D3F5E	6	6	1.64089481946625	-1.28571428571429	3	-1-003
#1D3F5E	6	6	1.53061224489796	-1.35088126159555	3	-1-003
#1D3F5E	6	6	1.42559523809524	-1.40816326530612	3	-1-003
#1D3F5E	6	6	1.40816326530612	-1.41687925170068	3	-1-003
#1D3F5E	6	6	1.28571428571429	-1.47300170068027	3	-1-003
#1D3F5E	6	6	1.16326530612245	-1.52402210884354	3	-1-003
#1D3F5E	6	6	1.14569160997732	-1.53061224489796	3	-1-003
#1D3F5E	6	6	1.04081632653061	-1.56691522762951	3	-1-003
#1D3F5E	6	6	0.918367346938775	-1.60459183673469	3	-1-003
#1D3F5E	6	6	0.795918367346939	-1.63755886970173	3	-1-003
#1D3F5E	6	6	0.728741496598639	-1.6530612244898	3	-1-003
#1D3F5E	6	6	0.673469387755102	-1.66490524781341	3	-1-003
#1D3F5E	6	6	0.551020408163265	-1.68677113702624	3	-1-003
#1D3F5E	6	6	0.428571428571428	-1.7042638483965	3	-1-003
#1D3F5E	6	6	0.306122448979592	-1.7173833819242	3	-1-003
#1D3F5E	6	6	0.183673469387755	-1.72612973760933	3	-1-003
#1D3F5E	6	6	0.0612244897959182	-1.7305029154519	3	-1-003
#1D3F5E	6	6	-0.0612244897959187	-1.7305029154519	3	-1-003
#1D3F5E	6	6	-0.183673469387755	-1.72612973760933	3	-1-003
#1D3F5E	6	6	-0.306122448979592	-1.7173833819242	3	-1-003
#1D3F5E	6	6	-0.428571428571429	-1.7042638483965	3	-1-003
#1D3F5E	6	6	-0.551020408163265	-1.68677113702624	3	-1-003
#1D3F5E	6	6	-0.673469387755102	-1.66490524781341	3	-1-003
#1D3F5E	6	6	-0.728741496598639	-1.6530612244898	3	-1-003
#1D3F5E	6	6	-0.795918367346939	-1.63755886970173	3	-1-003
#1D3F5E	6	6	-0.918367346938775	-1.60459183673469	3	-1-003
#1D3F5E	6	6	-1.04081632653061	-1.56691522762951	3	-1-003
#1D3F5E	6	6	-1.14569160997732	-1.53061224489796	3	-1-003
#1D3F5E	6	6	-1.16326530612245	-1.52402210884354	3	-1-003
#1D3F5E	6	6	-1.28571428571429	-1.47300170068027	3	-1-003
#1D3F5E	6	6	-1.40816326530612	-1.41687925170068	3	-1-003
#1D3F5E	6	6	-1.42559523809524	-1.40816326530612	3	-1-003
#1D3F5E	6	6	-1.53061224489796	-1.35088126159555	3	-1-003
#1D3F5E	6	6	-1.64089481946625	-1.28571428571429	3	-1-003
#1D3F5E	6	6	-1.6530612244898	-1.27780612244898	3	-1-003
#1D3F5E	6	6	-1.77551020408163	-1.19209183673469	3	-1-003
#1D3F5E	6	6	-1.81394557823129	-1.16326530612245	3	-1-003
#1D3F5E	6	6	-1.89795918367347	-1.09325396825397	3	-1-003
#1D3F5E	6	6	-1.95695153061224	-1.04081632653061	3	-1-003
#1D3F5E	6	6	-2.02040816326531	-0.977359693877551	3	-1-003
#1D3F5E	6	6	-2.07593037214886	-0.918367346938775	3	-1-003
#1D3F5E	6	6	-2.14285714285714	-0.837099125364432	3	-1-003
#1D3F5E	6	6	-2.17488662131519	-0.795918367346939	3	-1-003
#1D3F5E	6	6	-2.25651927437642	-0.673469387755102	3	-1-003
#1D3F5E	6	6	-2.26530612244898	-0.65765306122449	3	-1-003
#1D3F5E	6	6	-2.32142857142857	-0.551020408163265	3	-1-003
#1D3F5E	6	6	-2.37298603651987	-0.428571428571429	3	-1-003
#1D3F5E	6	6	-2.38775510204082	-0.381802721088436	3	-1-003
#22496C	8	8	-2.75510204081633	-0.450042517006802	4	-1-004
#22496C	8	8	-2.7625702454895	-0.428571428571429	4	-1-004
#22496C	8	8	-2.79451345755694	-0.306122448979592	4	-1-004
#22496C	8	8	-2.81580893226856	-0.183673469387755	4	-1-004
#22496C	8	8	-2.82645666962437	-0.0612244897959187	4	-1-004
#22496C	8	8	-2.82645666962437	0.0612244897959182	4	-1-004
#22496C	8	8	-2.81580893226856	0.183673469387755	4	-1-004
#22496C	8	8	-2.79451345755694	0.306122448979592	4	-1-004
#22496C	8	8	-2.7625702454895	0.428571428571428	4	-1-004
#22496C	8	8	-2.75510204081633	0.450042517006802	4	-1-004
#22496C	8	8	-2.71838280766852	0.551020408163265	4	-1-004
#22496C	8	8	-2.66272418058132	0.673469387755102	4	-1-004
#22496C	8	8	-2.63265306122449	0.72859977324263	4	-1-004
#22496C	8	8	-2.59418529316489	0.795918367346939	4	-1-004
#22496C	8	8	-2.51255264010366	0.918367346938775	4	-1-004
#22496C	8	8	-2.51020408163265	0.921449829931973	4	-1-004
#22496C	8	8	-2.41471088435374	1.04081632653061	4	-1-004
#22496C	8	8	-2.38775510204082	1.0707671957672	4	-1-004
#22496C	8	8	-2.30012531328321	1.16326530612245	4	-1-004
#22496C	8	8	-2.26530612244898	1.19634353741497	4	-1-004
#22496C	8	8	-2.16600529100529	1.28571428571429	4	-1-004
#22496C	8	8	-2.14285714285714	1.30465367965368	4	-1-004
#22496C	8	8	-2.02040816326531	1.39927334570192	4	-1-004
#22496C	8	8	-2.00818452380952	1.40816326530612	4	-1-004
#22496C	8	8	-1.89795918367347	1.48164682539683	4	-1-004
#22496C	8	8	-1.81961451247166	1.53061224489796	4	-1-004
#22496C	8	8	-1.77551020408163	1.5560570381999	4	-1-004
#22496C	8	8	-1.6530612244898	1.62199110413396	4	-1-004
#22496C	8	8	-1.59092098377813	1.6530612244898	4	-1-004
#22496C	8	8	-1.53061224489796	1.68106171039845	4	-1-004
#22496C	8	8	-1.40816326530612	1.73353984450923	4	-1-004
#22496C	8	8	-1.3013296227582	1.77551020408163	4	-1-004
#22496C	8	8	-1.28571428571429	1.7812358276644	4	-1-004
#22496C	8	8	-1.16326530612245	1.82205215419501	4	-1-004
#22496C	8	8	-1.04081632653061	1.85878684807256	4	-1-004
#22496C	8	8	-0.918367346938775	1.89143990929705	4	-1-004
#22496C	8	8	-0.890427599611273	1.89795918367347	4	-1-004
#22496C	8	8	-0.795918367346939	1.91863307823129	4	-1-004
#22496C	8	8	-0.673469387755102	1.94159226190476	4	-1-004
#22496C	8	8	-0.551020408163265	1.96072491496599	4	-1-004
#22496C	8	8	-0.428571428571429	1.97603103741497	4	-1-004
#22496C	8	8	-0.306122448979592	1.9875106292517	4	-1-004
#22496C	8	8	-0.183673469387755	1.99516369047619	4	-1-004
#22496C	8	8	-0.0612244897959187	1.99899022108844	4	-1-004
#22496C	8	8	0.0612244897959182	1.99899022108844	4	-1-004
#22496C	8	8	0.183673469387755	1.99516369047619	4	-1-004
#22496C	8	8	0.306122448979592	1.9875106292517	4	-1-004
#22496C	8	8	0.428571428571428	1.97603103741497	4	-1-004
#22496C	8	8	0.551020408163265	1.96072491496599	4	-1-004
#22496C	8	8	0.673469387755102	1.94159226190476	4	-1-004
#22496C	8	8	0.795918367346939	1.91863307823129	4	-1-004
#22496C	8	8	0.890427599611273	1.89795918367347	4	-1-004
#22496C	8	8	0.918367346938775	1.89143990929705	4	-1-004
#22496C	8	8	1.04081632653061	1.85878684807256	4	-1-004
#22496C	8	8	1.16326530612245	1.82205215419501	4	-1-004
#22496C	8	8	1.28571428571429	1.7812358276644	4	-1-004
#22496C	8	8	1.3013296227582	1.77551020408163	4	-1-004
#22496C	8	8	1.40816326530612	1.73353984450923	4	-1-004
#22496C	8	8	1.53061224489796	1.68106171039845	4	-1-004
#22496C	8	8	1.59092098377813	1.6530612244898	4	-1-004
#22496C	8	8	1.6530612244898	1.62199110413396	4	-1-004
#22496C	8	8	1.77551020408163	1.5560570381999	4	-1-004
#22496C	8	8	1.81961451247166	1.53061224489796	4	-1-004
#22496C	8	8	1.89795918367347	1.48164682539683	4	-1-004
#22496C	8	8	2.00818452380952	1.40816326530612	4	-1-004
#22496C	8	8	2.02040816326531	1.39927334570192	4	-1-004
#22496C	8	8	2.14285714285714	1.30465367965368	4	-1-004
#22496C	8	8	2.16600529100529	1.28571428571429	4	-1-004
#22496C	8	8	2.26530612244898	1.19634353741497	4	-1-004
#22496C	8	8	2.30012531328321	1.16326530612245	4	-1-004
#22496C	8	8	2.38775510204082	1.0707671957672	4	-1-004
#22496C	8	8	2.41471088435374	1.04081632653061	4	-1-004
#22496C	8	8	2.51020408163265	0.921449829931974	4	-1-004
#22496C	8	8	2.51255264010366	0.918367346938775	4	-1-004
#22496C	8	8	2.59418529316489	0.795918367346939	4	-1-004
#22496C	8	8	2.63265306122449	0.72859977324263	4	-1-004
#22496C	8	8	2.66272418058132	0.673469387755102	4	-1-004
#22496C	8	8	2.71838280766852	0.551020408163265	4	-1-004
#22496C	8	8	2.75510204081633	0.450042517006803	4	-1-004
#22496C	8	8	2.7625702454895	0.428571428571428	4	-1-004
#22496C	8	8	2.79451345755694	0.306122448979592	4	-1-004
#22496C	8	8	2.81580893226856	0.183673469387755	4	-1-004
#22496C	8	8	2.82645666962437	0.0612244897959182	4	-1-004
#22496C	8	8	2.82645666962437	-0.0612244897959187	4	-1-004
#22496C	8	8	2.81580893226856	-0.183673469387755	4	-1-004
#22496C	8	8	2.79451345755694	-0.306122448979592	4	-1-004
#22496C	8	8	2.7625702454895	-0.428571428571429	4	-1-004
#22496C	8	8	2.75510204081633	-0.450042517006804	4	-1-004
#22496C	8	8	2.71838280766852	-0.551020408163265	4	-1-004
#22496C	8	8	2.66272418058132	-0.673469387755102	4	-1-004
#22496C	8	8	2.63265306122449	-0.72859977324263	4	-1-004
#22496C	8	8	2.59418529316489	-0.795918367346939	4	-1-004
#22496C	8	8	2.51255264010366	-0.918367346938775	4	-1-004
#22496C	8	8	2.51020408163265	-0.921449829931974	4	-1-004
#22496C	8	8	2.41471088435374	-1.04081632653061	4	-1-004
#22496C	8	8	2.38775510204082	-1.0707671957672	4	-1-004
#22496C	8	8	2.30012531328321	-1.16326530612245	4	-1-004
#22496C	8	8	2.26530612244898	-1.19634353741497	4	-1-004
#22496C	8	8	2.16600529100529	-1.28571428571429	4	-1-004
#22496C	8	8	2.14285714285714	-1.30465367965368	4	-1-004
#22496C	8	8	2.02040816326531	-1.39927334570192	4	-1-004
#22496C	8	8	2.00818452380952	-1.40816326530612	4	-1-004
#22496C	8	8	1.89795918367347	-1.48164682539683	4	-1-004
#22496C	8	8	1.81961451247166	-1.53061224489796	4	-1-004
#22496C	8	8	1.77551020408163	-1.5560570381999	4	-1-004
#22496C	8	8	1.6530612244898	-1.62199110413396	4	-1-004
#22496C	8	8	1.59092098377813	-1.6530612244898	4	-1-004
#22496C	8	8	1.53061224489796	-1.68106171039845	4	-1-004
#22496C	8	8	1.40816326530612	-1.73353984450923	4	-1-004
#22496C	8	8	1.30132962275819	-1.77551020408163	4	-1-004
#22496C	8	8	1.28571428571429	-1.7812358276644	4	-1-004
#22496C	8	8	1.16326530612245	-1.82205215419501	4	-1-004
#22496C	8	8	1.04081632653061	-1.85878684807256	4	-1-004
#22496C	8	8	0.918367346938775	-1.89143990929705	4	-1-004
#22496C	8	8	0.890427599611273	-1.89795918367347	4	-1-004
#22496C	8	8	0.795918367346939	-1.91863307823129	4	-1-004
#22496C	8	8	0.673469387755102	-1.94159226190476	4	-1-004
#22496C	8	8	0.551020408163265	-1.96072491496599	4	-1-004
#22496C	8	8	0.428571428571428	-1.97603103741497	4	-1-004
#22496C	8	8	0.306122448979592	-1.9875106292517	4	-1-004
#22496C	8	8	0.183673469387755	-1.99516369047619	4	-1-004
#22496C	8	8	0.0612244897959182	-1.99899022108844	4	-1-004
#22496C	8	8	-0.0612244897959187	-1.99899022108844	4	-1-004
#22496C	8	8	-0.183673469387755	-1.99516369047619	4	-1-004
#22496C	8	8	-0.306122448979592	-1.9875106292517	4	-1-004
#22496C	8	8	-0.428571428571429	-1.97603103741497	4	-1-004
#22496C	8	8	-0.551020408163265	-1.96072491496599	4	-1-004
#22496C	8	8	-0.673469387755102	-1.94159226190476	4	-1-004
#22496C	8	8	-0.795918367346939	-1.91863307823129	4	-1-004
#22496C	8	8	-0.890427599611273	-1.89795918367347	4	-1-004
#22496C	8	8	-0.918367346938775	-1.89143990929705	4	-1-004
#22496C	8	8	-1.04081632653061	-1.85878684807256	4	-1-004
#22496C	8	8	-1.16326530612245	-1.82205215419501	4	-1-004
#22496C	8	8	-1.28571428571429	-1.7812358276644	4	-1-004
#22496C	8	8	-1.30132962275819	-1.77551020408163	4	-1-004
#22496C	8	8	-1.40816326530612	-1.73353984450923	4	-1-004
#22496C	8	8	-1.53061224489796	-1.68106171039845	4	-1-004
#22496C	8	8	-1.59092098377813	-1.6530612244898	4	-1-004
#22496C	8	8	-1.6530612244898	-1.62199110413396	4	-1-004
#22496C	8	8	-1.77551020408163	-1.5560570381999	4	-1-004
#22496C	8	8	-1.81961451247166	-1.53061224489796	4	-1-004
#22496C	8	8	-1.89795918367347	-1.48164682539683	4	-1-004
#22496C	8	8	-2.00818452380952	-1.40816326530612	4	-1-004
#22496C	8	8	-2.02040816326531	-1.39927334570192	4	-1-004
#22496C	8	8	-2.14285714285714	-1.30465367965368	4	-1-004
#22496C	8	8	-2.16600529100529	-1.28571428571429	4	-1-004
#22496C	8	8	-2.26530612244898	-1.19634353741497	4	-1-004
#22496C	8	8	-2.30012531328321	-1.16326530612245	4	-1-004
#22496C	8	8	-2.38775510204082	-1.0707671957672	4	-1-004
#22496C	8	8	-2.41471088435374	-1.04081632653061	4	-1-004
#22496C	8	8	-2.51020408163265	-0.921449829931973	4	-1-004
#22496C	8	8	-2.51255264010366	-0.918367346938775	4	-1-004
#22496C	8	8	-2.59418529316489	-0.795918367346939	4	-1-004
#22496C	8	8	-2.63265306122449	-0.72859977324263	4	-1-004
#22496C	8	8	-2.66272418058132	-0.673469387755102	4	-1-004
#22496C	8	8	-2.71838280766852	-0.551020408163265	4	-1-004
#22496C	8	8	-2.75510204081633	-0.450042517006802	4	-1-004
#28547A	10	10	3	-0.705073696145125	5	-1-005
#28547A	10	10	2.95457766439909	-0.795918367346939	5	-1-005
#28547A	10	10	2.88314909297052	-0.918367346938775	5	-1-005
#28547A	10	10	2.87755102040816	-0.926764455782314	5	-1-005
#28547A	10	10	2.79821058858326	-1.04081632653061	5	-1-005
#28547A	10	10	2.75510204081633	-1.09589947089947	5	-1-005
#28547A	10	10	2.69998453927025	-1.16326530612245	5	-1-005
#28547A	10	10	2.63265306122449	-1.23732993197279	5	-1-005
#28547A	10	10	2.58657272432783	-1.28571428571429	5	-1-005
#28547A	10	10	2.51020408163265	-1.35861162646877	5	-1-005
#28547A	10	10	2.45569727891157	-1.40816326530612	5	-1-005
#28547A	10	10	2.38775510204082	-1.46478174603175	5	-1-005
#28547A	10	10	2.30460078768349	-1.53061224489796	5	-1-005
#28547A	10	10	2.26530612244898	-1.55932757718472	5	-1-005
#28547A	10	10	2.14285714285714	-1.64409994767138	5	-1-005
#28547A	10	10	2.12915166066427	-1.6530612244898	5	-1-005
#28547A	10	10	2.02040816326531	-1.71908406219631	5	-1-005
#28547A	10	10	1.92166241496599	-1.77551020408163	5	-1-005
#28547A	10	10	1.89795918367347	-1.78815192743764	5	-1-005
#28547A	10	10	1.77551020408163	-1.84937641723356	5	-1-005
#28547A	10	10	1.67140427599611	-1.89795918367347	5	-1-005
#28547A	10	10	1.6530612244898	-1.90598426870748	5	-1-005
#28547A	10	10	1.53061224489796	-1.95572916666667	5	-1-005
#28547A	10	10	1.40816326530612	-2.00164753401361	5	-1-005
#28547A	10	10	1.35358688930118	-2.02040816326531	5	-1-005
#28547A	10	10	1.28571428571429	-2.04236694677871	5	-1-005
#28547A	10	10	1.16326530612245	-2.07838135254102	5	-1-005
#28547A	10	10	1.04081632653061	-2.11079431772709	5	-1-005
#28547A	10	10	0.918367346938775	-2.13960584233693	5	-1-005
#28547A	10	10	0.902575315840622	-2.14285714285714	5	-1-005
#28547A	10	10	0.795918367346939	-2.16359599395314	5	-1-005
#28547A	10	10	0.673469387755102	-2.18400415721844	5	-1-005
#28547A	10	10	0.551020408163265	-2.20101095993953	5	-1-005
#28547A	10	10	0.428571428571428	-2.2146164021164	5	-1-005
#28547A	10	10	0.306122448979592	-2.22482048374906	5	-1-005
#28547A	10	10	0.183673469387755	-2.23162320483749	5	-1-005
#28547A	10	10	0.0612244897959182	-2.23502456538171	5	-1-005
#28547A	10	10	-0.0612244897959187	-2.23502456538171	5	-1-005
#28547A	10	10	-0.183673469387755	-2.23162320483749	5	-1-005
#28547A	10	10	-0.306122448979592	-2.22482048374906	5	-1-005
#28547A	10	10	-0.428571428571429	-2.2146164021164	5	-1-005
#28547A	10	10	-0.551020408163265	-2.20101095993953	5	-1-005
#28547A	10	10	-0.673469387755102	-2.18400415721844	5	-1-005
#28547A	10	10	-0.795918367346939	-2.16359599395314	5	-1-005
#28547A	10	10	-0.902575315840622	-2.14285714285714	5	-1-005
#28547A	10	10	-0.918367346938775	-2.13960584233693	5	-1-005
#28547A	10	10	-1.04081632653061	-2.11079431772709	5	-1-005
#28547A	10	10	-1.16326530612245	-2.07838135254102	5	-1-005
#28547A	10	10	-1.28571428571429	-2.04236694677871	5	-1-005
#28547A	10	10	-1.35358688930118	-2.02040816326531	5	-1-005
#28547A	10	10	-1.40816326530612	-2.00164753401361	5	-1-005
#28547A	10	10	-1.53061224489796	-1.95572916666667	5	-1-005
#28547A	10	10	-1.6530612244898	-1.90598426870748	5	-1-005
#28547A	10	10	-1.67140427599611	-1.89795918367347	5	-1-005
#28547A	10	10	-1.77551020408163	-1.84937641723356	5	-1-005
#28547A	10	10	-1.89795918367347	-1.78815192743764	5	-1-005
#28547A	10	10	-1.92166241496599	-1.77551020408163	5	-1-005
#28547A	10	10	-2.02040816326531	-1.71908406219631	5	-1-005
#28547A	10	10	-2.12915166066427	-1.6530612244898	5	-1-005
#28547A	10	10	-2.14285714285714	-1.64409994767138	5	-1-005
#28547A	10	10	-2.26530612244898	-1.55932757718472	5	-1-005
#28547A	10	10	-2.30460078768349	-1.53061224489796	5	-1-005
#28547A	10	10	-2.38775510204082	-1.46478174603175	5	-1-005
#28547A	10	10	-2.45569727891156	-1.40816326530612	5	-1-005
#28547A	10	10	-2.51020408163265	-1.35861162646877	5	-1-005
#28547A	10	10	-2.58657272432783	-1.28571428571429	5	-1-005
#28547A	10	10	-2.63265306122449	-1.23732993197279	5	-1-005
#28547A	10	10	-2.69998453927025	-1.16326530612245	5	-1-005
#28547A	10	10	-2.75510204081633	-1.09589947089947	5	-1-005
#28547A	10	10	-2.79821058858326	-1.04081632653061	5	-1-005
#28547A	10	10	-2.87755102040816	-0.926764455782313	5	-1-005
#28547A	10	10	-2.88314909297052	-0.918367346938775	5	-1-005
#28547A	10	10	-2.95457766439909	-0.795918367346939	5	-1-005
#28547A	10	10	-3	-0.705073696145125	5	-1-005
#28547A	10	10	-3	0.705073696145125	6	-1-006
#28547A	10	10	-2.95457766439909	0.795918367346939	6	-1-006
#28547A	10	10	-2.88314909297052	0.918367346938775	6	-1-006
#28547A	10	10	-2.87755102040816	0.926764455782313	6	-1-006
#28547A	10	10	-2.79821058858326	1.04081632653061	6	-1-006
#28547A	10	10	-2.75510204081633	1.09589947089947	6	-1-006
#28547A	10	10	-2.69998453927025	1.16326530612245	6	-1-006
#28547A	10	10	-2.63265306122449	1.23732993197279	6	-1-006
#28547A	10	10	-2.58657272432783	1.28571428571429	6	-1-006
#28547A	10	10	-2.51020408163265	1.35861162646877	6	-1-006
#28547A	10	10	-2.45569727891157	1.40816326530612	6	-1-006
#28547A	10	10	-2.38775510204082	1.46478174603175	6	-1-006
#28547A	10	10	-2.30460078768349	1.53061224489796	6	-1-006
#28547A	10	10	-2.26530612244898	1.55932757718472	6	-1-006
#28547A	10	10	-2.14285714285714	1.64409994767138	6	-1-006
#28547A	10	10	-2.12915166066427	1.6530612244898	6	-1-006
#28547A	10	10	-2.02040816326531	1.71908406219631	6	-1-006
#28547A	10	10	-1.92166241496599	1.77551020408163	6	-1-006
#28547A	10	10	-1.89795918367347	1.78815192743764	6	-1-006
#28547A	10	10	-1.77551020408163	1.84937641723356	6	-1-006
#28547A	10	10	-1.67140427599611	1.89795918367347	6	-1-006
#28547A	10	10	-1.6530612244898	1.90598426870748	6	-1-006
#28547A	10	10	-1.53061224489796	1.95572916666667	6	-1-006
#28547A	10	10	-1.40816326530612	2.00164753401361	6	-1-006
#28547A	10	10	-1.35358688930118	2.02040816326531	6	-1-006
#28547A	10	10	-1.28571428571429	2.04236694677871	6	-1-006
#28547A	10	10	-1.16326530612245	2.07838135254102	6	-1-006
#28547A	10	10	-1.04081632653061	2.11079431772709	6	-1-006
#28547A	10	10	-0.918367346938775	2.13960584233693	6	-1-006
#28547A	10	10	-0.902575315840624	2.14285714285714	6	-1-006
#28547A	10	10	-0.795918367346939	2.16359599395314	6	-1-006
#28547A	10	10	-0.673469387755102	2.18400415721844	6	-1-006
#28547A	10	10	-0.551020408163265	2.20101095993953	6	-1-006
#28547A	10	10	-0.428571428571429	2.2146164021164	6	-1-006
#28547A	10	10	-0.306122448979592	2.22482048374906	6	-1-006
#28547A	10	10	-0.183673469387755	2.23162320483749	6	-1-006
#28547A	10	10	-0.0612244897959187	2.23502456538171	6	-1-006
#28547A	10	10	0.0612244897959182	2.23502456538171	6	-1-006
#28547A	10	10	0.183673469387755	2.23162320483749	6	-1-006
#28547A	10	10	0.306122448979592	2.22482048374906	6	-1-006
#28547A	10	10	0.428571428571428	2.2146164021164	6	-1-006
#28547A	10	10	0.551020408163265	2.20101095993953	6	-1-006
#28547A	10	10	0.673469387755102	2.18400415721844	6	-1-006
#28547A	10	10	0.795918367346939	2.16359599395314	6	-1-006
#28547A	10	10	0.902575315840624	2.14285714285714	6	-1-006
#28547A	10	10	0.918367346938775	2.13960584233693	6	-1-006
#28547A	10	10	1.04081632653061	2.11079431772709	6	-1-006
#28547A	10	10	1.16326530612245	2.07838135254102	6	-1-006
#28547A	10	10	1.28571428571429	2.04236694677871	6	-1-006
#28547A	10	10	1.35358688930118	2.02040816326531	6	-1-006
#28547A	10	10	1.40816326530612	2.00164753401361	6	-1-006
#28547A	10	10	1.53061224489796	1.95572916666667	6	-1-006
#28547A	10	10	1.6530612244898	1.90598426870748	6	-1-006
#28547A	10	10	1.67140427599611	1.89795918367347	6	-1-006
#28547A	10	10	1.77551020408163	1.84937641723356	6	-1-006
#28547A	10	10	1.89795918367347	1.78815192743764	6	-1-006
#28547A	10	10	1.92166241496599	1.77551020408163	6	-1-006
#28547A	10	10	2.02040816326531	1.71908406219631	6	-1-006
#28547A	10	10	2.12915166066427	1.6530612244898	6	-1-006
#28547A	10	10	2.14285714285714	1.64409994767138	6	-1-006
#28547A	10	10	2.26530612244898	1.55932757718472	6	-1-006
#28547A	10	10	2.30460078768349	1.53061224489796	6	-1-006
#28547A	10	10	2.38775510204082	1.46478174603175	6	-1-006
#28547A	10	10	2.45569727891157	1.40816326530612	6	-1-006
#28547A	10	10	2.51020408163265	1.35861162646877	6	-1-006
#28547A	10	10	2.58657272432783	1.28571428571429	6	-1-006
#28547A	10	10	2.63265306122449	1.23732993197279	6	-1-006
#28547A	10	10	2.69998453927025	1.16326530612245	6	-1-006
#28547A	10	10	2.75510204081633	1.09589947089947	6	-1-006
#28547A	10	10	2.79821058858326	1.04081632653061	6	-1-006
#28547A	10	10	2.87755102040816	0.926764455782314	6	-1-006
#28547A	10	10	2.88314909297052	0.918367346938775	6	-1-006
#28547A	10	10	2.95457766439909	0.795918367346939	6	-1-006
#28547A	10	10	3	0.705073696145125	6	-1-006
#2D5F89	12	12	3	-1.22321428571429	7	-1-007
#2D5F89	12	12	2.94791666666667	-1.28571428571429	7	-1-007
#2D5F89	12	12	2.87755102040816	-1.36247680890538	7	-1-007
#2D5F89	12	12	2.83385093167702	-1.40816326530612	7	-1-007
#2D5F89	12	12	2.75510204081633	-1.48363095238095	7	-1-007
#2D5F89	12	12	2.70384972170686	-1.53061224489796	7	-1-007
#2D5F89	12	12	2.63265306122449	-1.59085557299843	7	-1-007
#2D5F89	12	12	2.55563654033042	-1.6530612244898	7	-1-007
#2D5F89	12	12	2.51020408163265	-1.68713556851312	7	-1-007
#2D5F89	12	12	2.38775510204082	-1.77459912536443	7	-1-007
#2D5F89	12	12	2.38641245972073	-1.77551020408163	7	-1-007
#2D5F89	12	12	2.26530612244898	-1.85221088435374	7	-1-007
#2D5F89	12	12	2.1890589569161	-1.89795918367347	7	-1-007
#2D5F89	12	12	2.14285714285714	-1.92394770408163	7	-1-007
#2D5F89	12	12	2.02040816326531	-1.9889987244898	7	-1-007
#2D5F89	12	12	1.95758928571429	-2.02040816326531	7	-1-007
#2D5F89	12	12	1.89795918367347	-2.0484693877551	7	-1-007
#2D5F89	12	12	1.77551020408163	-2.10249099639856	7	-1-007
#2D5F89	12	12	1.67747813411079	-2.14285714285714	7	-1-007
#2D5F89	12	12	1.6530612244898	-2.15235260770975	7	-1-007
#2D5F89	12	12	1.53061224489796	-2.19657029478458	7	-1-007
#2D5F89	12	12	1.40816326530612	-2.23738662131519	7	-1-007
#2D5F89	12	12	1.31679035250464	-2.26530612244898	7	-1-007
#2D5F89	12	12	1.28571428571429	-2.27430182599356	7	-1-007
#2D5F89	12	12	1.16326530612245	-2.30652524167562	7	-1-007
#2D5F89	12	12	1.04081632653061	-2.33552631578947	7	-1-007
#2D5F89	12	12	0.918367346938775	-2.36130504833512	7	-1-007
#2D5F89	12	12	0.795918367346939	-2.38386143931257	7	-1-007
#2D5F89	12	12	0.771258503401362	-2.38775510204082	7	-1-007
#2D5F89	12	12	0.673469387755102	-2.40242346938776	7	-1-007
#2D5F89	12	12	0.551020408163265	-2.41772959183673	7	-1-007
#2D5F89	12	12	0.428571428571428	-2.42997448979592	7	-1-007
#2D5F89	12	12	0.306122448979592	-2.43915816326531	7	-1-007
#2D5F89	12	12	0.183673469387755	-2.4452806122449	7	-1-007
#2D5F89	12	12	0.0612244897959182	-2.44834183673469	7	-1-007
#2D5F89	12	12	-0.0612244897959187	-2.44834183673469	7	-1-007
#2D5F89	12	12	-0.183673469387755	-2.4452806122449	7	-1-007
#2D5F89	12	12	-0.306122448979592	-2.43915816326531	7	-1-007
#2D5F89	12	12	-0.428571428571429	-2.42997448979592	7	-1-007
#2D5F89	12	12	-0.551020408163265	-2.41772959183673	7	-1-007
#2D5F89	12	12	-0.673469387755102	-2.40242346938776	7	-1-007
#2D5F89	12	12	-0.771258503401362	-2.38775510204082	7	-1-007
#2D5F89	12	12	-0.795918367346939	-2.38386143931257	7	-1-007
#2D5F89	12	12	-0.918367346938775	-2.36130504833512	7	-1-007
#2D5F89	12	12	-1.04081632653061	-2.33552631578947	7	-1-007
#2D5F89	12	12	-1.16326530612245	-2.30652524167562	7	-1-007
#2D5F89	12	12	-1.28571428571429	-2.27430182599356	7	-1-007
#2D5F89	12	12	-1.31679035250464	-2.26530612244898	7	-1-007
#2D5F89	12	12	-1.40816326530612	-2.23738662131519	7	-1-007
#2D5F89	12	12	-1.53061224489796	-2.19657029478458	7	-1-007
#2D5F89	12	12	-1.6530612244898	-2.15235260770975	7	-1-007
#2D5F89	12	12	-1.67747813411079	-2.14285714285714	7	-1-007
#2D5F89	12	12	-1.77551020408163	-2.10249099639856	7	-1-007
#2D5F89	12	12	-1.89795918367347	-2.0484693877551	7	-1-007
#2D5F89	12	12	-1.95758928571429	-2.02040816326531	7	-1-007
#2D5F89	12	12	-2.02040816326531	-1.9889987244898	7	-1-007
#2D5F89	12	12	-2.14285714285714	-1.92394770408163	7	-1-007
#2D5F89	12	12	-2.1890589569161	-1.89795918367347	7	-1-007
#2D5F89	12	12	-2.26530612244898	-1.85221088435374	7	-1-007
#2D5F89	12	12	-2.38641245972073	-1.77551020408163	7	-1-007
#2D5F89	12	12	-2.38775510204082	-1.77459912536443	7	-1-007
#2D5F89	12	12	-2.51020408163265	-1.68713556851312	7	-1-007
#2D5F89	12	12	-2.55563654033042	-1.6530612244898	7	-1-007
#2D5F89	12	12	-2.63265306122449	-1.59085557299843	7	-1-007
#2D5F89	12	12	-2.70384972170686	-1.53061224489796	7	-1-007
#2D5F89	12	12	-2.75510204081633	-1.48363095238095	7	-1-007
#2D5F89	12	12	-2.83385093167702	-1.40816326530612	7	-1-007
#2D5F89	12	12	-2.87755102040816	-1.36247680890538	7	-1-007
#2D5F89	12	12	-2.94791666666667	-1.28571428571429	7	-1-007
#2D5F89	12	12	-3	-1.22321428571429	7	-1-007
#2D5F89	12	12	-3	1.22321428571429	8	-1-008
#2D5F89	12	12	-2.94791666666667	1.28571428571429	8	-1-008
#2D5F89	12	12	-2.87755102040816	1.36247680890538	8	-1-008
#2D5F89	12	12	-2.83385093167702	1.40816326530612	8	-1-008
#2D5F89	12	12	-2.75510204081633	1.48363095238095	8	-1-008
#2D5F89	12	12	-2.70384972170686	1.53061224489796	8	-1-008
#2D5F89	12	12	-2.63265306122449	1.59085557299843	8	-1-008
#2D5F89	12	12	-2.55563654033042	1.6530612244898	8	-1-008
#2D5F89	12	12	-2.51020408163265	1.68713556851312	8	-1-008
#2D5F89	12	12	-2.38775510204082	1.77459912536443	8	-1-008
#2D5F89	12	12	-2.38641245972073	1.77551020408163	8	-1-008
#2D5F89	12	12	-2.26530612244898	1.85221088435374	8	-1-008
#2D5F89	12	12	-2.1890589569161	1.89795918367347	8	-1-008
#2D5F89	12	12	-2.14285714285714	1.92394770408163	8	-1-008
#2D5F89	12	12	-2.02040816326531	1.9889987244898	8	-1-008
#2D5F89	12	12	-1.95758928571429	2.02040816326531	8	-1-008
#2D5F89	12	12	-1.89795918367347	2.0484693877551	8	-1-008
#2D5F89	12	12	-1.77551020408163	2.10249099639856	8	-1-008
#2D5F89	12	12	-1.67747813411079	2.14285714285714	8	-1-008
#2D5F89	12	12	-1.6530612244898	2.15235260770975	8	-1-008
#2D5F89	12	12	-1.53061224489796	2.19657029478458	8	-1-008
#2D5F89	12	12	-1.40816326530612	2.23738662131519	8	-1-008
#2D5F89	12	12	-1.31679035250464	2.26530612244898	8	-1-008
#2D5F89	12	12	-1.28571428571429	2.27430182599356	8	-1-008
#2D5F89	12	12	-1.16326530612245	2.30652524167562	8	-1-008
#2D5F89	12	12	-1.04081632653061	2.33552631578947	8	-1-008
#2D5F89	12	12	-0.918367346938775	2.36130504833512	8	-1-008
#2D5F89	12	12	-0.795918367346939	2.38386143931257	8	-1-008
#2D5F89	12	12	-0.771258503401362	2.38775510204082	8	-1-008
#2D5F89	12	12	-0.673469387755102	2.40242346938776	8	-1-008
#2D5F89	12	12	-0.551020408163265	2.41772959183673	8	-1-008
#2D5F89	12	12	-0.428571428571429	2.42997448979592	8	-1-008
#2D5F89	12	12	-0.306122448979592	2.43915816326531	8	-1-008
#2D5F89	12	12	-0.183673469387755	2.4452806122449	8	-1-008
#2D5F89	12	12	-0.0612244897959187	2.44834183673469	8	-1-008
#2D5F89	12	12	0.0612244897959182	2.44834183673469	8	-1-008
#2D5F89	12	12	0.183673469387755	2.4452806122449	8	-1-008
#2D5F89	12	12	0.306122448979592	2.43915816326531	8	-1-008
#2D5F89	12	12	0.428571428571428	2.42997448979592	8	-1-008
#2D5F89	12	12	0.551020408163265	2.41772959183673	8	-1-008
#2D5F89	12	12	0.673469387755102	2.40242346938776	8	-1-008
#2D5F89	12	12	0.771258503401362	2.38775510204082	8	-1-008
#2D5F89	12	12	0.795918367346939	2.38386143931257	8	-1-008
#2D5F89	12	12	0.918367346938775	2.36130504833512	8	-1-008
#2D5F89	12	12	1.04081632653061	2.33552631578947	8	-1-008
#2D5F89	12	12	1.16326530612245	2.30652524167562	8	-1-008
#2D5F89	12	12	1.28571428571429	2.27430182599356	8	-1-008
#2D5F89	12	12	1.31679035250464	2.26530612244898	8	-1-008
#2D5F89	12	12	1.40816326530612	2.23738662131519	8	-1-008
#2D5F89	12	12	1.53061224489796	2.19657029478458	8	-1-008
#2D5F89	12	12	1.6530612244898	2.15235260770975	8	-1-008
#2D5F89	12	12	1.67747813411079	2.14285714285714	8	-1-008
#2D5F89	12	12	1.77551020408163	2.10249099639856	8	-1-008
#2D5F89	12	12	1.89795918367347	2.0484693877551	8	-1-008
#2D5F89	12	12	1.95758928571429	2.02040816326531	8	-1-008
#2D5F89	12	12	2.02040816326531	1.9889987244898	8	-1-008
#2D5F89	12	12	2.14285714285714	1.92394770408163	8	-1-008
#2D5F89	12	12	2.1890589569161	1.89795918367347	8	-1-008
#2D5F89	12	12	2.26530612244898	1.85221088435374	8	-1-008
#2D5F89	12	12	2.38641245972073	1.77551020408163	8	-1-008
#2D5F89	12	12	2.38775510204082	1.77459912536443	8	-1-008
#2D5F89	12	12	2.51020408163265	1.68713556851312	8	-1-008
#2D5F89	12	12	2.55563654033042	1.6530612244898	8	-1-008
#2D5F89	12	12	2.63265306122449	1.59085557299843	8	-1-008
#2D5F89	12	12	2.70384972170686	1.53061224489796	8	-1-008
#2D5F89	12	12	2.75510204081633	1.48363095238095	8	-1-008
#2D5F89	12	12	2.83385093167702	1.40816326530612	8	-1-008
#2D5F89	12	12	2.87755102040816	1.36247680890538	8	-1-008
#2D5F89	12	12	2.94791666666667	1.28571428571429	8	-1-008
#2D5F89	12	12	3	1.22321428571429	8	-1-008
#336A98	14	14	3	-1.57999738356881	9	-1-009
#336A98	14	14	2.92084750566893	-1.6530612244898	9	-1-009
#336A98	14	14	2.87755102040816	-1.69017249757046	9	-1-009
#336A98	14	14	2.77366163856847	-1.77551020408163	9	-1-009
#336A98	14	14	2.75510204081633	-1.78973922902494	9	-1-009
#336A98	14	14	2.63265306122449	-1.87953514739229	9	-1-009
#336A98	14	14	2.60633300939423	-1.89795918367347	9	-1-009
#336A98	14	14	2.51020408163265	-1.96104379251701	9	-1-009
#336A98	14	14	2.41522108843537	-2.02040816326531	9	-1-009
#336A98	14	14	2.38775510204082	-2.03656462585034	9	-1-009
#336A98	14	14	2.26530612244898	-2.10499199679872	9	-1-009
#336A98	14	14	2.19378306878307	-2.14285714285714	9	-1-009
#336A98	14	14	2.14285714285714	-2.16832010582011	9	-1-009
#336A98	14	14	2.02040816326531	-2.22614323507181	9	-1-009
#336A98	14	14	1.93229166666667	-2.26530612244898	9	-1-009
#336A98	14	14	1.89795918367347	-2.2797619047619	9	-1-009
#336A98	14	14	1.77551020408163	-2.328097028285	9	-1-009
#336A98	14	14	1.6530612244898	-2.37320981023989	9	-1-009
#336A98	14	14	1.61054421768708	-2.38775510204082	9	-1-009
#336A98	14	14	1.53061224489796	-2.41373299319728	9	-1-009
#336A98	14	14	1.40816326530612	-2.45046768707483	9	-1-009
#336A98	14	14	1.28571428571429	-2.48414115646259	9	-1-009
#336A98	14	14	1.18146258503401	-2.51020408163265	9	-1-009
#336A98	14	14	1.16326530612245	-2.51453676708779	9	-1-009
#336A98	14	14	1.04081632653061	-2.54077583414318	9	-1-009
#336A98	14	14	0.918367346938775	-2.56409944930353	9	-1-009
#336A98	14	14	0.795918367346939	-2.58450761256884	9	-1-009
#336A98	14	14	0.673469387755102	-2.6020003239391	9	-1-009
#336A98	14	14	0.551020408163265	-2.61657758341432	9	-1-009
#336A98	14	14	0.428571428571428	-2.62823939099449	9	-1-009
#336A98	14	14	0.366780045351474	-2.63265306122449	9	-1-009
#336A98	14	14	0.306122448979592	-2.63678880643166	9	-1-009
#336A98	14	14	0.183673469387755	-2.64235466914038	9	-1-009
#336A98	14	14	0.0612244897959182	-2.64513760049474	9	-1-009
#336A98	14	14	-0.0612244897959187	-2.64513760049474	9	-1-009
#336A98	14	14	-0.183673469387755	-2.64235466914038	9	-1-009
#336A98	14	14	-0.306122448979592	-2.63678880643166	9	-1-009
#336A98	14	14	-0.366780045351473	-2.63265306122449	9	-1-009
#336A98	14	14	-0.428571428571429	-2.62823939099449	9	-1-009
#336A98	14	14	-0.551020408163265	-2.61657758341432	9	-1-009
#336A98	14	14	-0.673469387755102	-2.6020003239391	9	-1-009
#336A98	14	14	-0.795918367346939	-2.58450761256884	9	-1-009
#336A98	14	14	-0.918367346938775	-2.56409944930353	9	-1-009
#336A98	14	14	-1.04081632653061	-2.54077583414318	9	-1-009
#336A98	14	14	-1.16326530612245	-2.51453676708779	9	-1-009
#336A98	14	14	-1.18146258503401	-2.51020408163265	9	-1-009
#336A98	14	14	-1.28571428571429	-2.48414115646259	9	-1-009
#336A98	14	14	-1.40816326530612	-2.45046768707483	9	-1-009
#336A98	14	14	-1.53061224489796	-2.41373299319728	9	-1-009
#336A98	14	14	-1.61054421768708	-2.38775510204082	9	-1-009
#336A98	14	14	-1.6530612244898	-2.37320981023989	9	-1-009
#336A98	14	14	-1.77551020408163	-2.328097028285	9	-1-009
#336A98	14	14	-1.89795918367347	-2.2797619047619	9	-1-009
#336A98	14	14	-1.93229166666667	-2.26530612244898	9	-1-009
#336A98	14	14	-2.02040816326531	-2.22614323507181	9	-1-009
#336A98	14	14	-2.14285714285714	-2.16832010582011	9	-1-009
#336A98	14	14	-2.19378306878307	-2.14285714285714	9	-1-009
#336A98	14	14	-2.26530612244898	-2.10499199679872	9	-1-009
#336A98	14	14	-2.38775510204082	-2.03656462585034	9	-1-009
#336A98	14	14	-2.41522108843537	-2.02040816326531	9	-1-009
#336A98	14	14	-2.51020408163265	-1.96104379251701	9	-1-009
#336A98	14	14	-2.60633300939423	-1.89795918367347	9	-1-009
#336A98	14	14	-2.63265306122449	-1.87953514739229	9	-1-009
#336A98	14	14	-2.75510204081633	-1.78973922902494	9	-1-009
#336A98	14	14	-2.77366163856847	-1.77551020408163	9	-1-009
#336A98	14	14	-2.87755102040816	-1.69017249757046	9	-1-009
#336A98	14	14	-2.92084750566893	-1.6530612244898	9	-1-009
#336A98	14	14	-3	-1.57999738356881	9	-1-009
#336A98	14	14	-3	1.57999738356881	10	-1-010
#336A98	14	14	-2.92084750566893	1.6530612244898	10	-1-010
#336A98	14	14	-2.87755102040816	1.69017249757046	10	-1-010
#336A98	14	14	-2.77366163856847	1.77551020408163	10	-1-010
#336A98	14	14	-2.75510204081633	1.78973922902494	10	-1-010
#336A98	14	14	-2.63265306122449	1.87953514739229	10	-1-010
#336A98	14	14	-2.60633300939423	1.89795918367347	10	-1-010
#336A98	14	14	-2.51020408163265	1.96104379251701	10	-1-010
#336A98	14	14	-2.41522108843537	2.02040816326531	10	-1-010
#336A98	14	14	-2.38775510204082	2.03656462585034	10	-1-010
#336A98	14	14	-2.26530612244898	2.10499199679872	10	-1-010
#336A98	14	14	-2.19378306878307	2.14285714285714	10	-1-010
#336A98	14	14	-2.14285714285714	2.16832010582011	10	-1-010
#336A98	14	14	-2.02040816326531	2.22614323507181	10	-1-010
#336A98	14	14	-1.93229166666667	2.26530612244898	10	-1-010
#336A98	14	14	-1.89795918367347	2.2797619047619	10	-1-010
#336A98	14	14	-1.77551020408163	2.328097028285	10	-1-010
#336A98	14	14	-1.6530612244898	2.37320981023989	10	-1-010
#336A98	14	14	-1.61054421768708	2.38775510204082	10	-1-010
#336A98	14	14	-1.53061224489796	2.41373299319728	10	-1-010
#336A98	14	14	-1.40816326530612	2.45046768707483	10	-1-010
#336A98	14	14	-1.28571428571429	2.48414115646259	10	-1-010
#336A98	14	14	-1.18146258503402	2.51020408163265	10	-1-010
#336A98	14	14	-1.16326530612245	2.51453676708779	10	-1-010
#336A98	14	14	-1.04081632653061	2.54077583414318	10	-1-010
#336A98	14	14	-0.918367346938775	2.56409944930353	10	-1-010
#336A98	14	14	-0.795918367346939	2.58450761256884	10	-1-010
#336A98	14	14	-0.673469387755102	2.6020003239391	10	-1-010
#336A98	14	14	-0.551020408163265	2.61657758341432	10	-1-010
#336A98	14	14	-0.428571428571429	2.62823939099449	10	-1-010
#336A98	14	14	-0.366780045351473	2.63265306122449	10	-1-010
#336A98	14	14	-0.306122448979592	2.63678880643166	10	-1-010
#336A98	14	14	-0.183673469387755	2.64235466914038	10	-1-010
#336A98	14	14	-0.0612244897959187	2.64513760049474	10	-1-010
#336A98	14	14	0.0612244897959182	2.64513760049474	10	-1-010
#336A98	14	14	0.183673469387755	2.64235466914038	10	-1-010
#336A98	14	14	0.306122448979592	2.63678880643166	10	-1-010
#336A98	14	14	0.366780045351474	2.63265306122449	10	-1-010
#336A98	14	14	0.428571428571428	2.62823939099449	10	-1-010
#336A98	14	14	0.551020408163265	2.61657758341432	10	-1-010
#336A98	14	14	0.673469387755102	2.6020003239391	10	-1-010
#336A98	14	14	0.795918367346939	2.58450761256884	10	-1-010
#336A98	14	14	0.918367346938775	2.56409944930353	10	-1-010
#336A98	14	14	1.04081632653061	2.54077583414318	10	-1-010
#336A98	14	14	1.16326530612245	2.51453676708779	10	-1-010
#336A98	14	14	1.18146258503402	2.51020408163265	10	-1-010
#336A98	14	14	1.28571428571429	2.48414115646259	10	-1-010
#336A98	14	14	1.40816326530612	2.45046768707483	10	-1-010
#336A98	14	14	1.53061224489796	2.41373299319728	10	-1-010
#336A98	14	14	1.61054421768708	2.38775510204082	10	-1-010
#336A98	14	14	1.6530612244898	2.37320981023989	10	-1-010
#336A98	14	14	1.77551020408163	2.328097028285	10	-1-010
#336A98	14	14	1.89795918367347	2.2797619047619	10	-1-010
#336A98	14	14	1.93229166666667	2.26530612244898	10	-1-010
#336A98	14	14	2.02040816326531	2.22614323507181	10	-1-010
#336A98	14	14	2.14285714285714	2.16832010582011	10	-1-010
#336A98	14	14	2.19378306878307	2.14285714285714	10	-1-010
#336A98	14	14	2.26530612244898	2.10499199679872	10	-1-010
#336A98	14	14	2.38775510204082	2.03656462585034	10	-1-010
#336A98	14	14	2.41522108843537	2.02040816326531	10	-1-010
#336A98	14	14	2.51020408163265	1.96104379251701	10	-1-010
#336A98	14	14	2.60633300939423	1.89795918367347	10	-1-010
#336A98	14	14	2.63265306122449	1.87953514739229	10	-1-010
#336A98	14	14	2.75510204081633	1.78973922902494	10	-1-010
#336A98	14	14	2.77366163856847	1.77551020408163	10	-1-010
#336A98	14	14	2.87755102040816	1.69017249757046	10	-1-010
#336A98	14	14	2.92084750566893	1.6530612244898	10	-1-010
#336A98	14	14	3	1.57999738356881	10	-1-010
#3875A7	16	16	3	-1.87012471655329	11	-1-011
#3875A7	16	16	2.96520691609977	-1.89795918367347	11	-1-011
#3875A7	16	16	2.87755102040816	-1.96370110544218	11	-1-011
#3875A7	16	16	2.79865424430642	-2.02040816326531	11	-1-011
#3875A7	16	16	2.75510204081633	-2.04986994797919	11	-1-011
#3875A7	16	16	2.63265306122449	-2.12910164065626	11	-1-011
#3875A7	16	16	2.61038224813735	-2.14285714285714	11	-1-011
#3875A7	16	16	2.51020408163265	-2.20129440665155	11	-1-011
#3875A7	16	16	2.39498299319728	-2.26530612244898	11	-1-011
#3875A7	16	16	2.38775510204082	-2.26911027568922	11	-1-011
#3875A7	16	16	2.26530612244898	-2.33033476548514	11	-1-011
#3875A7	16	16	2.14408541194256	-2.38775510204082	11	-1-011
#3875A7	16	16	2.14285714285714	-2.38830782312925	11	-1-011
#3875A7	16	16	2.02040816326531	-2.44034863945578	11	-1-011
#3875A7	16	16	1.89795918367347	-2.48932823129252	11	-1-011
#3875A7	16	16	1.84229024943311	-2.51020408163265	11	-1-011
#3875A7	16	16	1.77551020408163	-2.53405409782961	11	-1-011
#3875A7	16	16	1.6530612244898	-2.57487042436022	11	-1-011
#3875A7	16	16	1.53061224489796	-2.61277129899579	11	-1-011
#3875A7	16	16	1.46102607709751	-2.63265306122449	11	-1-011
#3875A7	16	16	1.40816326530612	-2.64707019171305	11	-1-011
#3875A7	16	16	1.28571428571429	-2.67768243661101	11	-1-011
#3875A7	16	16	1.16326530612245	-2.70551175015461	11	-1-011
#3875A7	16	16	1.04081632653061	-2.73055813234385	11	-1-011
#3875A7	16	16	0.918367346938775	-2.75282158317873	11	-1-011
#3875A7	16	16	0.904033041788142	-2.75510204081633	11	-1-011
#3875A7	16	16	0.795918367346939	-2.77155427388347	11	-1-011
#3875A7	16	16	0.673469387755102	-2.78752587991718	11	-1-011
#3875A7	16	16	0.551020408163265	-2.80083555161195	11	-1-011
#3875A7	16	16	0.428571428571428	-2.81148328896776	11	-1-011
#3875A7	16	16	0.306122448979592	-2.81946909198462	11	-1-011
#3875A7	16	16	0.183673469387755	-2.82479296066253	11	-1-011
#3875A7	16	16	0.0612244897959182	-2.82745489500148	11	-1-011
#3875A7	16	16	-0.0612244897959187	-2.82745489500148	11	-1-011
#3875A7	16	16	-0.183673469387755	-2.82479296066253	11	-1-011
#3875A7	16	16	-0.306122448979592	-2.81946909198462	11	-1-011
#3875A7	16	16	-0.428571428571429	-2.81148328896776	11	-1-011
#3875A7	16	16	-0.551020408163265	-2.80083555161195	11	-1-011
#3875A7	16	16	-0.673469387755102	-2.78752587991718	11	-1-011
#3875A7	16	16	-0.795918367346939	-2.77155427388347	11	-1-011
#3875A7	16	16	-0.904033041788142	-2.75510204081633	11	-1-011
#3875A7	16	16	-0.918367346938775	-2.75282158317873	11	-1-011
#3875A7	16	16	-1.04081632653061	-2.73055813234385	11	-1-011
#3875A7	16	16	-1.16326530612245	-2.70551175015461	11	-1-011
#3875A7	16	16	-1.28571428571429	-2.67768243661101	11	-1-011
#3875A7	16	16	-1.40816326530612	-2.64707019171305	11	-1-011
#3875A7	16	16	-1.46102607709751	-2.63265306122449	11	-1-011
#3875A7	16	16	-1.53061224489796	-2.61277129899579	11	-1-011
#3875A7	16	16	-1.6530612244898	-2.57487042436022	11	-1-011
#3875A7	16	16	-1.77551020408163	-2.53405409782961	11	-1-011
#3875A7	16	16	-1.84229024943311	-2.51020408163265	11	-1-011
#3875A7	16	16	-1.89795918367347	-2.48932823129252	11	-1-011
#3875A7	16	16	-2.02040816326531	-2.44034863945578	11	-1-011
#3875A7	16	16	-2.14285714285714	-2.38830782312925	11	-1-011
#3875A7	16	16	-2.14408541194256	-2.38775510204082	11	-1-011
#3875A7	16	16	-2.26530612244898	-2.33033476548514	11	-1-011
#3875A7	16	16	-2.38775510204082	-2.26911027568922	11	-1-011
#3875A7	16	16	-2.39498299319728	-2.26530612244898	11	-1-011
#3875A7	16	16	-2.51020408163265	-2.20129440665155	11	-1-011
#3875A7	16	16	-2.61038224813735	-2.14285714285714	11	-1-011
#3875A7	16	16	-2.63265306122449	-2.12910164065626	11	-1-011
#3875A7	16	16	-2.75510204081633	-2.04986994797919	11	-1-011
#3875A7	16	16	-2.79865424430642	-2.02040816326531	11	-1-011
#3875A7	16	16	-2.87755102040816	-1.96370110544218	11	-1-011
#3875A7	16	16	-2.96520691609977	-1.89795918367347	11	-1-011
#3875A7	16	16	-3	-1.87012471655329	11	-1-011
#3875A7	16	16	-3	1.87012471655329	12	-1-012
#3875A7	16	16	-2.96520691609977	1.89795918367347	12	-1-012
#3875A7	16	16	-2.87755102040816	1.96370110544218	12	-1-012
#3875A7	16	16	-2.79865424430642	2.02040816326531	12	-1-012
#3875A7	16	16	-2.75510204081633	2.04986994797919	12	-1-012
#3875A7	16	16	-2.63265306122449	2.12910164065626	12	-1-012
#3875A7	16	16	-2.61038224813735	2.14285714285714	12	-1-012
#3875A7	16	16	-2.51020408163265	2.20129440665155	12	-1-012
#3875A7	16	16	-2.39498299319728	2.26530612244898	12	-1-012
#3875A7	16	16	-2.38775510204082	2.26911027568922	12	-1-012
#3875A7	16	16	-2.26530612244898	2.33033476548514	12	-1-012
#3875A7	16	16	-2.14408541194256	2.38775510204082	12	-1-012
#3875A7	16	16	-2.14285714285714	2.38830782312925	12	-1-012
#3875A7	16	16	-2.02040816326531	2.44034863945578	12	-1-012
#3875A7	16	16	-1.89795918367347	2.48932823129252	12	-1-012
#3875A7	16	16	-1.84229024943311	2.51020408163265	12	-1-012
#3875A7	16	16	-1.77551020408163	2.53405409782961	12	-1-012
#3875A7	16	16	-1.6530612244898	2.57487042436022	12	-1-012
#3875A7	16	16	-1.53061224489796	2.61277129899579	12	-1-012
#3875A7	16	16	-1.46102607709751	2.63265306122449	12	-1-012
#3875A7	16	16	-1.40816326530612	2.64707019171305	12	-1-012
#3875A7	16	16	-1.28571428571429	2.67768243661101	12	-1-012
#3875A7	16	16	-1.16326530612245	2.70551175015461	12	-1-012
#3875A7	16	16	-1.04081632653061	2.73055813234385	12	-1-012
#3875A7	16	16	-0.918367346938775	2.75282158317873	12	-1-012
#3875A7	16	16	-0.904033041788146	2.75510204081633	12	-1-012
#3875A7	16	16	-0.795918367346939	2.77155427388347	12	-1-012
#3875A7	16	16	-0.673469387755102	2.78752587991718	12	-1-012
#3875A7	16	16	-0.551020408163265	2.80083555161195	12	-1-012
#3875A7	16	16	-0.428571428571429	2.81148328896776	12	-1-012
#3875A7	16	16	-0.306122448979592	2.81946909198462	12	-1-012
#3875A7	16	16	-0.183673469387755	2.82479296066253	12	-1-012
#3875A7	16	16	-0.0612244897959187	2.82745489500148	12	-1-012
#3875A7	16	16	0.0612244897959182	2.82745489500148	12	-1-012
#3875A7	16	16	0.183673469387755	2.82479296066253	12	-1-012
#3875A7	16	16	0.306122448979592	2.81946909198462	12	-1-012
#3875A7	16	16	0.428571428571428	2.81148328896776	12	-1-012
#3875A7	16	16	0.551020408163265	2.80083555161195	12	-1-012
#3875A7	16	16	0.673469387755102	2.78752587991718	12	-1-012
#3875A7	16	16	0.795918367346939	2.77155427388347	12	-1-012
#3875A7	16	16	0.904033041788146	2.75510204081633	12	-1-012
#3875A7	16	16	0.918367346938775	2.75282158317873	12	-1-012
#3875A7	16	16	1.04081632653061	2.73055813234385	12	-1-012
#3875A7	16	16	1.16326530612245	2.70551175015461	12	-1-012
#3875A7	16	16	1.28571428571429	2.67768243661101	12	-1-012
#3875A7	16	16	1.40816326530612	2.64707019171305	12	-1-012
#3875A7	16	16	1.46102607709751	2.63265306122449	12	-1-012
#3875A7	16	16	1.53061224489796	2.61277129899579	12	-1-012
#3875A7	16	16	1.6530612244898	2.57487042436022	12	-1-012
#3875A7	16	16	1.77551020408163	2.53405409782961	12	-1-012
#3875A7	16	16	1.84229024943311	2.51020408163265	12	-1-012
#3875A7	16	16	1.89795918367347	2.48932823129252	12	-1-012
#3875A7	16	16	2.02040816326531	2.44034863945578	12	-1-012
#3875A7	16	16	2.14285714285714	2.38830782312925	12	-1-012
#3875A7	16	16	2.14408541194256	2.38775510204082	12	-1-012
#3875A7	16	16	2.26530612244898	2.33033476548514	12	-1-012
#3875A7	16	16	2.38775510204082	2.26911027568922	12	-1-012
#3875A7	16	16	2.39498299319728	2.26530612244898	12	-1-012
#3875A7	16	16	2.51020408163265	2.20129440665155	12	-1-012
#3875A7	16	16	2.61038224813735	2.14285714285714	12	-1-012
#3875A7	16	16	2.63265306122449	2.12910164065626	12	-1-012
#3875A7	16	16	2.75510204081633	2.04986994797919	12	-1-012
#3875A7	16	16	2.79865424430642	2.02040816326531	12	-1-012
#3875A7	16	16	2.87755102040816	1.96370110544218	12	-1-012
#3875A7	16	16	2.96520691609977	1.89795918367347	12	-1-012
#3875A7	16	16	3	1.87012471655329	12	-1-012
#3E81B7	18	18	3	-2.12079831932773	13	-1-013
#3E81B7	18	18	2.96875	-2.14285714285714	13	-1-013
#3E81B7	18	18	2.87755102040816	-2.20365646258503	13	-1-013
#3E81B7	18	18	2.78105590062112	-2.26530612244898	13	-1-013
#3E81B7	18	18	2.75510204081633	-2.28101503759399	13	-1-013
#3E81B7	18	18	2.63265306122449	-2.35190655209452	13	-1-013
#3E81B7	18	18	2.56778425655977	-2.38775510204082	13	-1-013
#3E81B7	18	18	2.51020408163265	-2.41798469387755	13	-1-013
#3E81B7	18	18	2.38775510204082	-2.47920918367347	13	-1-013
#3E81B7	18	18	2.32250268528464	-2.51020408163265	13	-1-013
#3E81B7	18	18	2.26530612244898	-2.53607871720117	13	-1-013
#3E81B7	18	18	2.14285714285714	-2.58855685131195	13	-1-013
#3E81B7	18	18	2.03391356542617	-2.63265306122449	13	-1-013
#3E81B7	18	18	2.02040816326531	-2.63787105751391	13	-1-013
#3E81B7	18	18	1.89795918367347	-2.68239795918367	13	-1-013
#3E81B7	18	18	1.77551020408163	-2.72414192949907	13	-1-013
#3E81B7	18	18	1.67820699708455	-2.75510204081633	13	-1-013
#3E81B7	18	18	1.6530612244898	-2.76275510204082	13	-1-013
#3E81B7	18	18	1.53061224489796	-2.79736024844721	13	-1-013
#3E81B7	18	18	1.40816326530612	-2.82930346051464	13	-1-013
#3E81B7	18	18	1.28571428571429	-2.85858473824312	13	-1-013
#3E81B7	18	18	1.1984693877551	-2.87755102040816	13	-1-013
#3E81B7	18	18	1.16326530612245	-2.88488520408163	13	-1-013
#3E81B7	18	18	1.04081632653061	-2.9078443877551	13	-1-013
#3E81B7	18	18	0.918367346938775	-2.92825255102041	13	-1-013
#3E81B7	18	18	0.795918367346939	-2.94610969387755	13	-1-013
#3E81B7	18	18	0.673469387755102	-2.96141581632653	13	-1-013
#3E81B7	18	18	0.551020408163265	-2.97417091836735	13	-1-013
#3E81B7	18	18	0.428571428571428	-2.984375	13	-1-013
#3E81B7	18	18	0.306122448979592	-2.99202806122449	13	-1-013
#3E81B7	18	18	0.183673469387755	-2.99713010204082	13	-1-013
#3E81B7	18	18	0.0612244897959182	-2.99968112244898	13	-1-013
#3E81B7	18	18	-0.0612244897959187	-2.99968112244898	13	-1-013
#3E81B7	18	18	-0.183673469387755	-2.99713010204082	13	-1-013
#3E81B7	18	18	-0.306122448979592	-2.99202806122449	13	-1-013
#3E81B7	18	18	-0.428571428571429	-2.984375	13	-1-013
#3E81B7	18	18	-0.551020408163265	-2.97417091836735	13	-1-013
#3E81B7	18	18	-0.673469387755102	-2.96141581632653	13	-1-013
#3E81B7	18	18	-0.795918367346939	-2.94610969387755	13	-1-013
#3E81B7	18	18	-0.918367346938775	-2.92825255102041	13	-1-013
#3E81B7	18	18	-1.04081632653061	-2.9078443877551	13	-1-013
#3E81B7	18	18	-1.16326530612245	-2.88488520408163	13	-1-013
#3E81B7	18	18	-1.1984693877551	-2.87755102040816	13	-1-013
#3E81B7	18	18	-1.28571428571429	-2.85858473824312	13	-1-013
#3E81B7	18	18	-1.40816326530612	-2.82930346051464	13	-1-013
#3E81B7	18	18	-1.53061224489796	-2.79736024844721	13	-1-013
#3E81B7	18	18	-1.6530612244898	-2.76275510204082	13	-1-013
#3E81B7	18	18	-1.67820699708455	-2.75510204081633	13	-1-013
#3E81B7	18	18	-1.77551020408163	-2.72414192949907	13	-1-013
#3E81B7	18	18	-1.89795918367347	-2.68239795918367	13	-1-013
#3E81B7	18	18	-2.02040816326531	-2.63787105751391	13	-1-013
#3E81B7	18	18	-2.03391356542617	-2.63265306122449	13	-1-013
#3E81B7	18	18	-2.14285714285714	-2.58855685131195	13	-1-013
#3E81B7	18	18	-2.26530612244898	-2.53607871720117	13	-1-013
#3E81B7	18	18	-2.32250268528464	-2.51020408163265	13	-1-013
#3E81B7	18	18	-2.38775510204082	-2.47920918367347	13	-1-013
#3E81B7	18	18	-2.51020408163265	-2.41798469387755	13	-1-013
#3E81B7	18	18	-2.56778425655977	-2.38775510204082	13	-1-013
#3E81B7	18	18	-2.63265306122449	-2.35190655209452	13	-1-013
#3E81B7	18	18	-2.75510204081633	-2.28101503759399	13	-1-013
#3E81B7	18	18	-2.78105590062112	-2.26530612244898	13	-1-013
#3E81B7	18	18	-2.87755102040816	-2.20365646258503	13	-1-013
#3E81B7	18	18	-2.96875	-2.14285714285714	13	-1-013
#3E81B7	18	18	-3	-2.12079831932773	13	-1-013
#3E81B7	18	18	-3	2.12079831932773	14	-1-014
#3E81B7	18	18	-2.96875	2.14285714285714	14	-1-014
#3E81B7	18	18	-2.87755102040816	2.20365646258503	14	-1-014
#3E81B7	18	18	-2.78105590062112	2.26530612244898	14	-1-014
#3E81B7	18	18	-2.75510204081633	2.28101503759399	14	-1-014
#3E81B7	18	18	-2.63265306122449	2.35190655209452	14	-1-014
#3E81B7	18	18	-2.56778425655977	2.38775510204082	14	-1-014
#3E81B7	18	18	-2.51020408163265	2.41798469387755	14	-1-014
#3E81B7	18	18	-2.38775510204082	2.47920918367347	14	-1-014
#3E81B7	18	18	-2.32250268528464	2.51020408163265	14	-1-014
#3E81B7	18	18	-2.26530612244898	2.53607871720117	14	-1-014
#3E81B7	18	18	-2.14285714285714	2.58855685131195	14	-1-014
#3E81B7	18	18	-2.03391356542617	2.63265306122449	14	-1-014
#3E81B7	18	18	-2.02040816326531	2.63787105751391	14	-1-014
#3E81B7	18	18	-1.89795918367347	2.68239795918367	14	-1-014
#3E81B7	18	18	-1.77551020408163	2.72414192949907	14	-1-014
#3E81B7	18	18	-1.67820699708455	2.75510204081633	14	-1-014
#3E81B7	18	18	-1.6530612244898	2.76275510204082	14	-1-014
#3E81B7	18	18	-1.53061224489796	2.79736024844721	14	-1-014
#3E81B7	18	18	-1.40816326530612	2.82930346051464	14	-1-014
#3E81B7	18	18	-1.28571428571429	2.85858473824312	14	-1-014
#3E81B7	18	18	-1.1984693877551	2.87755102040816	14	-1-014
#3E81B7	18	18	-1.16326530612245	2.88488520408163	14	-1-014
#3E81B7	18	18	-1.04081632653061	2.9078443877551	14	-1-014
#3E81B7	18	18	-0.918367346938775	2.92825255102041	14	-1-014
#3E81B7	18	18	-0.795918367346939	2.94610969387755	14	-1-014
#3E81B7	18	18	-0.673469387755102	2.96141581632653	14	-1-014
#3E81B7	18	18	-0.551020408163265	2.97417091836735	14	-1-014
#3E81B7	18	18	-0.428571428571429	2.984375	14	-1-014
#3E81B7	18	18	-0.306122448979592	2.99202806122449	14	-1-014
#3E81B7	18	18	-0.183673469387755	2.99713010204082	14	-1-014
#3E81B7	18	18	-0.0612244897959187	2.99968112244898	14	-1-014
#3E81B7	18	18	0.0612244897959182	2.99968112244898	14	-1-014
#3E81B7	18	18	0.183673469387755	2.99713010204082	14	-1-014
#3E81B7	18	18	0.306122448979592	2.99202806122449	14	-1-014
#3E81B7	18	18	0.428571428571428	2.984375	14	-1-014
#3E81B7	18	18	0.551020408163265	2.97417091836735	14	-1-014
#3E81B7	18	18	0.673469387755102	2.96141581632653	14	-1-014
#3E81B7	18	18	0.795918367346939	2.94610969387755	14	-1-014
#3E81B7	18	18	0.918367346938775	2.92825255102041	14	-1-014
#3E81B7	18	18	1.04081632653061	2.9078443877551	14	-1-014
#3E81B7	18	18	1.16326530612245	2.88488520408163	14	-1-014
#3E81B7	18	18	1.1984693877551	2.87755102040816	14	-1-014
#3E81B7	18	18	1.28571428571429	2.85858473824312	14	-1-014
#3E81B7	18	18	1.40816326530612	2.82930346051464	14	-1-014
#3E81B7	18	18	1.53061224489796	2.79736024844721	14	-1-014
#3E81B7	18	18	1.6530612244898	2.76275510204082	14	-1-014
#3E81B7	18	18	1.67820699708455	2.75510204081633	14	-1-014
#3E81B7	18	18	1.77551020408163	2.72414192949907	14	-1-014
#3E81B7	18	18	1.89795918367347	2.68239795918367	14	-1-014
#3E81B7	18	18	2.02040816326531	2.63787105751391	14	-1-014
#3E81B7	18	18	2.03391356542617	2.63265306122449	14	-1-014
#3E81B7	18	18	2.14285714285714	2.58855685131195	14	-1-014
#3E81B7	18	18	2.26530612244898	2.53607871720117	14	-1-014
#3E81B7	18	18	2.32250268528464	2.51020408163265	14	-1-014
#3E81B7	18	18	2.38775510204082	2.47920918367347	14	-1-014
#3E81B7	18	18	2.51020408163265	2.41798469387755	14	-1-014
#3E81B7	18	18	2.56778425655977	2.38775510204082	14	-1-014
#3E81B7	18	18	2.63265306122449	2.35190655209452	14	-1-014
#3E81B7	18	18	2.75510204081633	2.28101503759399	14	-1-014
#3E81B7	18	18	2.78105590062112	2.26530612244898	14	-1-014
#3E81B7	18	18	2.87755102040816	2.20365646258503	14	-1-014
#3E81B7	18	18	2.96875	2.14285714285714	14	-1-014
#3E81B7	18	18	3	2.12079831932773	14	-1-014
#448DC6	20	20	-1.41397392290249	-3	15	-1-015
#448DC6	20	20	-1.53061224489796	-2.97084041950113	15	-1-015
#448DC6	20	20	-1.6530612244898	-2.93767715419501	15	-1-015
#448DC6	20	20	-1.77551020408163	-2.90196286848073	15	-1-015
#448DC6	20	20	-1.85362811791383	-2.87755102040816	15	-1-015
#448DC6	20	20	-1.89795918367347	-2.86309523809524	15	-1-015
#448DC6	20	20	-2.02040816326531	-2.82050428867199	15	-1-015
#448DC6	20	20	-2.14285714285714	-2.77525140490979	15	-1-015
#448DC6	20	20	-2.1943499622071	-2.75510204081633	15	-1-015
#448DC6	20	20	-2.26530612244898	-2.72607452071738	15	-1-015
#448DC6	20	20	-2.38775510204082	-2.67319882498454	15	-1-015
#448DC6	20	20	-2.47695578231293	-2.63265306122449	15	-1-015
#448DC6	20	20	-2.51020408163265	-2.61682053773891	15	-1-015
#448DC6	20	20	-2.63265306122449	-2.55559604794299	15	-1-015
#448DC6	20	20	-2.71931045145331	-2.51020408163265	15	-1-015
#448DC6	20	20	-2.75510204081633	-2.49051870748299	15	-1-015
#448DC6	20	20	-2.87755102040816	-2.42011054421769	15	-1-015
#448DC6	20	20	-2.93147675736962	-2.38775510204082	15	-1-015
#448DC6	20	20	-3	-2.34447726459005	15	-1-015
#448DC6	20	20	-3	2.34447726459005	16	-1-016
#448DC6	20	20	-2.93147675736962	2.38775510204082	16	-1-016
#448DC6	20	20	-2.87755102040816	2.42011054421769	16	-1-016
#448DC6	20	20	-2.75510204081633	2.49051870748299	16	-1-016
#448DC6	20	20	-2.71931045145331	2.51020408163265	16	-1-016
#448DC6	20	20	-2.63265306122449	2.55559604794299	16	-1-016
#448DC6	20	20	-2.51020408163265	2.61682053773891	16	-1-016
#448DC6	20	20	-2.47695578231293	2.63265306122449	16	-1-016
#448DC6	20	20	-2.38775510204082	2.67319882498454	16	-1-016
#448DC6	20	20	-2.26530612244898	2.72607452071738	16	-1-016
#448DC6	20	20	-2.19434996220711	2.75510204081633	16	-1-016
#448DC6	20	20	-2.14285714285714	2.77525140490979	16	-1-016
#448DC6	20	20	-2.02040816326531	2.82050428867199	16	-1-016
#448DC6	20	20	-1.89795918367347	2.86309523809524	16	-1-016
#448DC6	20	20	-1.85362811791383	2.87755102040816	16	-1-016
#448DC6	20	20	-1.77551020408163	2.90196286848073	16	-1-016
#448DC6	20	20	-1.6530612244898	2.93767715419501	16	-1-016
#448DC6	20	20	-1.53061224489796	2.97084041950113	16	-1-016
#448DC6	20	20	-1.41397392290249	3	16	-1-016
#448DC6	20	20	1.41397392290249	-3	17	-1-017
#448DC6	20	20	1.53061224489796	-2.97084041950113	17	-1-017
#448DC6	20	20	1.6530612244898	-2.93767715419501	17	-1-017
#448DC6	20	20	1.77551020408163	-2.90196286848073	17	-1-017
#448DC6	20	20	1.85362811791383	-2.87755102040816	17	-1-017
#448DC6	20	20	1.89795918367347	-2.86309523809524	17	-1-017
#448DC6	20	20	2.02040816326531	-2.82050428867199	17	-1-017
#448DC6	20	20	2.14285714285714	-2.77525140490979	17	-1-017
#448DC6	20	20	2.1943499622071	-2.75510204081633	17	-1-017
#448DC6	20	20	2.26530612244898	-2.72607452071738	17	-1-017
#448DC6	20	20	2.38775510204082	-2.67319882498454	17	-1-017
#448DC6	20	20	2.47695578231293	-2.63265306122449	17	-1-017
#448DC6	20	20	2.51020408163265	-2.61682053773891	17	-1-017
#448DC6	20	20	2.63265306122449	-2.55559604794299	17	-1-017
#448DC6	20	20	2.71931045145331	-2.51020408163265	17	-1-017
#448DC6	20	20	2.75510204081633	-2.49051870748299	17	-1-017
#448DC6	20	20	2.87755102040816	-2.42011054421769	17	-1-017
#448DC6	20	20	2.93147675736962	-2.38775510204082	17	-1-017
#448DC6	20	20	3	-2.34447726459005	17	-1-017
#448DC6	20	20	3	2.34447726459005	18	-1-018
#448DC6	20	20	2.93147675736962	2.38775510204082	18	-1-018
#448DC6	20	20	2.87755102040816	2.42011054421769	18	-1-018
#448DC6	20	20	2.75510204081633	2.49051870748299	18	-1-018
#448DC6	20	20	2.71931045145331	2.51020408163265	18	-1-018
#448DC6	20	20	2.63265306122449	2.55559604794299	18	-1-018
#448DC6	20	20	2.51020408163265	2.61682053773891	18	-1-018
#448DC6	20	20	2.47695578231293	2.63265306122449	18	-1-018
#448DC6	20	20	2.38775510204082	2.67319882498454	18	-1-018
#448DC6	20	20	2.26530612244898	2.72607452071738	18	-1-018
#448DC6	20	20	2.19434996220711	2.75510204081633	18	-1-018
#448DC6	20	20	2.14285714285714	2.77525140490979	18	-1-018
#448DC6	20	20	2.02040816326531	2.82050428867199	18	-1-018
#448DC6	20	20	1.89795918367347	2.86309523809524	18	-1-018
#448DC6	20	20	1.85362811791383	2.87755102040816	18	-1-018
#448DC6	20	20	1.77551020408163	2.90196286848073	18	-1-018
#448DC6	20	20	1.6530612244898	2.93767715419501	18	-1-018
#448DC6	20	20	1.53061224489796	2.97084041950113	18	-1-018
#448DC6	20	20	1.41397392290249	3	18	-1-018
#4A99D6	22	22	-3	-2.54887431162941	19	-1-019
#4A99D6	22	22	-2.87755102040816	-2.61884515711046	19	-1-019
#4A99D6	22	22	-2.85233658680864	-2.63265306122449	19	-1-019
#4A99D6	22	22	-2.75510204081633	-2.68348021026592	19	-1-019
#4A99D6	22	22	-2.63265306122449	-2.74470470006184	19	-1-019
#4A99D6	22	22	-2.61086815678652	-2.75510204081633	19	-1-019
#4A99D6	22	22	-2.51020408163265	-2.80105737947353	19	-1-019
#4A99D6	22	22	-2.38775510204082	-2.85429606625259	19	-1-019
#4A99D6	22	22	-2.33145363408521	-2.87755102040816	19	-1-019
#4A99D6	22	22	-2.26530612244898	-2.90373441043084	19	-1-019
#4A99D6	22	22	-2.14285714285714	-2.94965277777778	19	-1-019
#4A99D6	22	22	-2.02040816326531	-2.99302012471655	19	-1-019
#4A99D6	22	22	-1.99946853741497	-3	19	-1-019
#4A99D6	22	22	-3	2.54887431162941	20	-1-020
#4A99D6	22	22	-2.87755102040816	2.61884515711046	20	-1-020
#4A99D6	22	22	-2.85233658680864	2.63265306122449	20	-1-020
#4A99D6	22	22	-2.75510204081633	2.68348021026592	20	-1-020
#4A99D6	22	22	-2.63265306122449	2.74470470006184	20	-1-020
#4A99D6	22	22	-2.61086815678652	2.75510204081633	20	-1-020
#4A99D6	22	22	-2.51020408163265	2.80105737947353	20	-1-020
#4A99D6	22	22	-2.38775510204082	2.85429606625259	20	-1-020
#4A99D6	22	22	-2.33145363408521	2.87755102040816	20	-1-020
#4A99D6	22	22	-2.26530612244898	2.90373441043084	20	-1-020
#4A99D6	22	22	-2.14285714285714	2.94965277777778	20	-1-020
#4A99D6	22	22	-2.02040816326531	2.99302012471655	20	-1-020
#4A99D6	22	22	-1.99946853741497	3	20	-1-020
#4A99D6	22	22	1.99946853741497	-3	21	-1-021
#4A99D6	22	22	2.02040816326531	-2.99302012471655	21	-1-021
#4A99D6	22	22	2.14285714285714	-2.94965277777778	21	-1-021
#4A99D6	22	22	2.26530612244898	-2.90373441043084	21	-1-021
#4A99D6	22	22	2.33145363408521	-2.87755102040816	21	-1-021
#4A99D6	22	22	2.38775510204082	-2.85429606625259	21	-1-021
#4A99D6	22	22	2.51020408163265	-2.80105737947353	21	-1-021
#4A99D6	22	22	2.61086815678652	-2.75510204081633	21	-1-021
#4A99D6	22	22	2.63265306122449	-2.74470470006184	21	-1-021
#4A99D6	22	22	2.75510204081633	-2.68348021026593	21	-1-021
#4A99D6	22	22	2.85233658680864	-2.63265306122449	21	-1-021
#4A99D6	22	22	2.87755102040816	-2.61884515711046	21	-1-021
#4A99D6	22	22	3	-2.54887431162941	21	-1-021
#4A99D6	22	22	3	2.54887431162941	22	-1-022
#4A99D6	22	22	2.87755102040816	2.61884515711046	22	-1-022
#4A99D6	22	22	2.85233658680864	2.63265306122449	22	-1-022
#4A99D6	22	22	2.75510204081633	2.68348021026593	22	-1-022
#4A99D6	22	22	2.63265306122449	2.74470470006184	22	-1-022
#4A99D6	22	22	2.61086815678652	2.75510204081633	22	-1-022
#4A99D6	22	22	2.51020408163265	2.80105737947353	22	-1-022
#4A99D6	22	22	2.38775510204082	2.85429606625259	22	-1-022
#4A99D6	22	22	2.33145363408521	2.87755102040816	22	-1-022
#4A99D6	22	22	2.26530612244898	2.90373441043084	22	-1-022
#4A99D6	22	22	2.14285714285714	2.94965277777778	22	-1-022
#4A99D6	22	22	2.02040816326531	2.99302012471655	22	-1-022
#4A99D6	22	22	1.99946853741497	3	22	-1-022
#50A5E7	24	24	-2.44872448979592	-3	23	-1-023
#50A5E7	24	24	-2.51020408163265	-2.97438350340136	23	-1-023
#50A5E7	24	24	-2.63265306122449	-2.92081207482993	23	-1-023
#50A5E7	24	24	-2.72704081632653	-2.87755102040816	23	-1-023
#50A5E7	24	24	-2.75510204081633	-2.86413043478261	23	-1-023
#50A5E7	24	24	-2.87755102040816	-2.80290594498669	23	-1-023
#50A5E7	24	24	-2.96917517006803	-2.75510204081633	23	-1-023
#50A5E7	24	24	-3	-2.73828849721707	23	-1-023
#50A5E7	24	24	-3	2.73828849721707	24	-1-024
#50A5E7	24	24	-2.96917517006803	2.75510204081633	24	-1-024
#50A5E7	24	24	-2.87755102040816	2.80290594498669	24	-1-024
#50A5E7	24	24	-2.75510204081633	2.86413043478261	24	-1-024
#50A5E7	24	24	-2.72704081632653	2.87755102040816	24	-1-024
#50A5E7	24	24	-2.63265306122449	2.92081207482993	24	-1-024
#50A5E7	24	24	-2.51020408163265	2.97438350340136	24	-1-024
#50A5E7	24	24	-2.44872448979592	3	24	-1-024
#50A5E7	24	24	2.44872448979592	-3	25	-1-025
#50A5E7	24	24	2.51020408163265	-2.97438350340136	25	-1-025
#50A5E7	24	24	2.63265306122449	-2.92081207482993	25	-1-025
#50A5E7	24	24	2.72704081632653	-2.87755102040816	25	-1-025
#50A5E7	24	24	2.75510204081633	-2.86413043478261	25	-1-025
#50A5E7	24	24	2.87755102040816	-2.80290594498669	25	-1-025
#50A5E7	24	24	2.96917517006803	-2.75510204081633	25	-1-025
#50A5E7	24	24	3	-2.73828849721707	25	-1-025
#50A5E7	24	24	3	2.73828849721707	26	-1-026
#50A5E7	24	24	2.96917517006803	2.75510204081633	26	-1-026
#50A5E7	24	24	2.87755102040816	2.80290594498669	26	-1-026
#50A5E7	24	24	2.75510204081633	2.86413043478261	26	-1-026
#50A5E7	24	24	2.72704081632653	2.87755102040816	26	-1-026
#50A5E7	24	24	2.63265306122449	2.92081207482993	26	-1-026
#50A5E7	24	24	2.51020408163265	2.97438350340136	26	-1-026
#50A5E7	24	24	2.44872448979592	3	26	-1-026
#56B1F7	26	26	-3	-2.91493055555556	27	-1-027
#56B1F7	26	26	-2.87755102040816	-2.97615504535147	27	-1-027
#56B1F7	26	26	-2.82778763679385	-3	27	-1-027
#56B1F7	26	26	-3	2.91493055555556	28	-1-028
#56B1F7	26	26	-2.87755102040816	2.97615504535147	28	-1-028
#56B1F7	26	26	-2.82778763679385	3	28	-1-028
#56B1F7	26	26	2.82778763679385	-3	29	-1-029
#56B1F7	26	26	2.87755102040816	-2.97615504535147	29	-1-029
#56B1F7	26	26	3	-2.91493055555556	29	-1-029
#56B1F7	26	26	3	2.91493055555556	30	-1-030
#56B1F7	26	26	2.87755102040816	2.97615504535147	30	-1-030
#56B1F7	26	26	2.82778763679385	3	30	-1-030
